TARGET,epeRes,epeCom,epeInd,expQ,impQ,expBasic,expSemi,expManuf,expAgroDolar,anfaveaProd,anfaveaLic,cagedTransf,cagedConstr,cagedCom,cagedServ,ipa,cambio,poup,m1,m2,ibov,embi,RecRFBIPCA
-1.915403519,-1.365710958,-1.755983392,-2.399638746,-2.350744213,-2.065386804,-2.355904735,-1.801821088,-2.517144629,-2.283846061,-1.427023564,-1.431841059,-0.9560842956,-0.5686970845,-1.452729437,-1.360044952,-1.850210094,-2.06172272,-1.727386632,-2.214277836,-1.640026334,0.356683408,1.139715952,-2.100409297
-1.915403519,-1.43909252,-1.69651671,-2.035178226,-2.400186176,-2.115258008,-2.448902913,-2.358352068,-2.262432055,-2.341902942,-1.011353861,-1.019623936,-0.9991837276,-0.5652416303,-1.460706657,-1.356461961,-1.849686805,-2.047865857,-1.721186943,-2.233970798,-1.641275194,0.4696366216,1.346645272,-2.315114984
-1.915403519,-1.36971462,-1.750628181,-2.08528233,-2.384109436,-1.741611633,-2.421788678,-2.585078517,-2.261520878,-1.838225023,-0.7505988797,-0.6706516095,-1.04005541,-0.5574187629,-1.46827414,-1.35709037,-1.852305604,-2.038507815,-1.720537226,-2.239622879,-1.637959333,0.3831746665,1.302664904,-1.39294134
-1.741225162,-1.349073106,-1.660949886,-1.86159562,-1.832055668,-1.62276523,-1.550938655,-1.694528016,-1.948820441,-1.085578477,-0.8411156577,-0.7457088027,-1.022609128,-0.5335034908,-1.463624921,-1.346732896,-1.84586266,-2.027472362,-1.723408156,-2.224701682,-1.648358731,0.4061806197,1.146130132,-2.133354043
-1.741225162,-1.484205575,-1.827535189,-1.806738947,-1.695641223,-1.515564743,-1.518351117,-1.498257813,-1.758019964,-1.228378651,-0.6480581044,-0.48063124,-0.9732883692,-0.5153878422,-1.455041429,-1.338691515,-1.841854788,-2.01307922,-1.731339212,-2.251229185,-1.656953747,0.5223662438,1.11380351,-2.074437369
-1.741225162,-1.51734578,-1.925526948,-1.671665236,-2.105749273,-1.560792057,-1.647188713,-1.867251032,-2.432597556,-1.366080384,-1.013319038,-0.8935972169,-0.9570733039,-0.5046824765,-1.440915227,-1.335868934,-1.835064254,-1.998529094,-1.73478732,-2.212692407,-1.649441333,0.5929245355,0.9753005707,-2.132807635
-1.366405485,-1.573916094,-2.099890804,-1.785967028,-1.712674465,-1.092602349,-1.514054707,-1.232001464,-1.85486102,-1.220650091,-0.4699888128,-0.406934635,-0.9614800617,-0.4963543912,-1.441863084,-1.334595482,-1.832797803,-1.982143659,-1.739178066,-2.233360792,-1.655826804,0.6984360581,0.9610186308,-2.025995979
-1.366405485,-1.482143627,-1.92665812,-1.326912519,-1.742903238,-1.207010523,-1.519642242,-1.316625831,-1.863733738,-1.164905921,-0.3554140651,-0.2376739782,-0.9706029378,-0.4967017111,-1.44198584,-1.332312205,-1.825138595,-1.968493478,-1.739994802,-2.214514107,-1.652231646,0.6937327972,0.7817559874,-2.058222506
-1.366405485,-1.420786455,-1.907482996,-1.450369684,-1.900196329,-1.198414174,-1.690099696,-1.313931868,-2.085885556,-1.441440315,-0.5890445345,-0.3088808006,-0.9462979227,-0.4990401743,-1.437561241,-1.328491139,-1.819391041,-1.957533216,-1.73069871,-2.133172867,-1.628403249,0.7319629336,0.5620600465,-1.933409856
-1.526843098,-1.375727826,-1.831924121,-1.54692657,-1.833907364,-0.7807315891,-1.619956428,-1.397916748,-1.956287793,-1.205064292,-0.5557609523,-0.2973560967,-0.9496509613,-0.5137986938,-1.436675365,-1.335050035,-1.815905413,-1.943074833,-1.711474023,-2.230079808,-1.615548267,0.7705086083,0.7384808629,-1.916153398
-1.526843098,-1.374390757,-1.707054102,-1.51892037,-2.021432693,-1.107062867,-1.908534052,-1.540057901,-2.118004709,-1.501058996,-0.6582021456,-0.3336366458,-0.9912990987,-0.5433312748,-1.423314503,-1.343435797,-1.809636288,-1.929876927,-1.678425962,-2.169587335,-1.598329217,0.7674479308,0.6012940101,-1.940059425
-1.526843098,-1.424169995,-1.711278906,-1.599542599,-2.080505019,-0.6950508415,-2.164487027,-1.927509865,-1.921583663,-1.698142114,-1.054147029,-0.7101006661,-1.122645827,-0.6067806019,-1.44401942,-1.37351625,-1.787275438,-1.915348143,-1.589664304,-1.931286131,-1.561235633,0.814672956,0.5312233158,-0.8777353125
-1.740702903,-0.9420511147,-1.39377692,-1.9169375,-2.132626494,-2.742568831,-2.12849962,-1.34857931,-2.222576134,-1.675625259,-0.9442412158,-0.78297267,-1.139818429,-0.5920645996,-1.46244301,-1.376981453,-1.781006316,-1.899744792,-1.516627148,-1.806131551,-1.558248897,0.9501432215,0.2387324528,-1.873069215
-1.740702903,-1.154763017,-1.481006396,-1.667212616,-2.599638105,-1.390183263,-2.582558553,-2.732319903,-2.500452952,-1.600098571,-0.7455349456,-0.5726452201,-1.143229039,-0.5891686813,-1.465977107,-1.374366851,-1.774911031,-1.887241516,-1.491844068,-1.699563286,-1.538371951,1.118043951,0.170249571,-2.003872937
-1.740702903,-1.272137161,-1.578807734,-1.895137633,-2.109179562,-1.087457288,-1.758393942,-2.460683196,-2.178749814,-0.9196475695,-0.4813194001,-0.1893626217,-1.139160077,-0.5664174747,-1.457859057,-1.363291508,-1.772296158,-1.869294127,-1.471499624,-1.660541281,-1.523127783,-1.808171128,0.3537917552,-1.71931815
-1.498346485,-1.23519801,-1.565658815,-1.60080077,-1.640039504,-0.7178426573,-1.165248189,-1.629988008,-1.961275422,-0.3695186265,-0.2130805014,0.02907612883,-1.108341334,-0.53151762,-1.445492809,-1.353496872,-1.765331854,-1.858999883,-1.458614707,-1.697560884,-1.522541944,-1.758805083,0.3115916207,-1.643288166
-1.498346485,-1.229397344,-1.600164433,-1.378917475,-1.640039504,-1.00981408,-1.114716772,-1.942420617,-1.964604696,-0.3388005547,-0.3497611034,-0.09652986411,-1.054155635,-0.5147963591,-1.428155523,-1.343814948,-1.762542795,-1.841032647,-1.444978555,-1.679312823,-1.50982288,-1.628846263,0.1108943696,-1.885587591
-1.498346485,-1.222962258,-1.735681644,-1.538200089,-1.54219964,-0.8234147928,-1.181276964,-1.695131458,-1.699097048,-0.5571064887,-0.2356395701,-0.0367376123,-1.038972198,-0.4986447615,-1.407685934,-1.335022977,-1.757143036,-1.829278249,-1.428139368,-1.648144252,-1.4738043,-1.473471509,0.06180128228,-1.870601951
-1.273408858,-1.279958581,-1.750628181,-1.390465473,-1.307057758,-0.4907973381,-1.034989765,-1.23357852,-1.424232274,-0.4136155521,-0.3766117602,-0.1404377201,-1.055810923,-0.4926144775,-1.406607789,-1.335718631,-1.747747779,-1.814664811,-1.417892846,-1.710436299,-1.478377266,-1.386789642,-0.0103832176,-1.671190724
-1.273408858,-1.251356359,-1.628866189,-1.151737962,-1.395235682,-0.6979995642,-1.396917423,-1.31285489,-1.180327872,-0.6460823088,-0.1937943964,-0.02802146403,-1.071812114,-0.4914227106,-1.401027412,-1.32991621,-1.747224492,-1.796353965,-1.397081962,-1.650223956,-1.451100306,-1.506426567,0.04090072945,-1.861305557
-1.273408858,-1.170591041,-1.548546133,-1.296275313,-1.649224162,-0.6399392084,-1.752427239,-1.477834559,-1.433437111,-1.059349157,-0.07821089241,0.08491304367,-1.04876275,-0.4737907124,-1.39454646,-1.322545678,-1.744087114,-1.785699138,-1.375343938,-1.608837184,-1.414993813,-1.533880471,-0.07684676038,-1.753780088
-1.334900314,-1.055572083,-1.399517978,-1.221220375,-1.493003501,-0.5685074513,-1.828620937,-1.486329119,-1.038283354,-1.203480154,0.04105579985,0.1015009577,-1.06540569,-0.4692222936,-1.383517009,-1.317208645,-1.740601487,-1.770904513,-1.353624386,-1.603762827,-1.388361043,-1.477384506,0.9514272587,-1.621234926
-1.334900314,-1.016957011,-1.276481787,-1.127191956,-2.008192556,-0.7528610056,-2.269266448,-2.121240232,-1.62463661,-1.575464108,-0.8508205987,-0.9053301014,-1.1317185,-0.4854753901,-1.37136158,-1.318292027,-1.735201729,-1.756199477,-1.275863422,-1.581638754,-1.351272528,-1.818523274,0.6770346761,-1.743997372
-1.334900314,-1.058653201,-1.282013683,-1.607095424,-1.658441425,-0.7789048162,-2.265188336,-1.230950506,-1.180984692,-1.600629463,-1.420090832,-1.639046112,-1.313767646,-0.5738288709,-1.392417545,-1.347913906,-1.733458044,-1.741800461,-1.221595193,-1.381900158,-1.310920212,-1.741248805,0.5249852595,-0.8333147498
-1.688221649,-0.5680619532,-1.010692977,-1.857661296,-2.055503849,-1.065278819,-2.134129521,-1.324180473,-2.06607586,-1.766535033,-1.227184117,-1.206053649,-1.385392448,-0.5527402381,-1.412917838,-1.35525226,-1.728928085,-1.725973091,-1.191900726,-1.507088129,-1.302319382,-1.75035635,0.6012940101,-1.342910211
-1.688221649,-0.9444451244,-1.228939638,-1.742697892,-2.139563141,-1.457248739,-2.472616569,-2.230609691,-1.710643625,-1.600204816,-1.316980356,-1.323485985,-1.429609467,-0.5467664657,-1.421504765,-1.352133783,-1.727358692,-1.711536831,-1.216759513,-1.501506991,-1.295003343,-1.669898061,0.4416375379,-1.717790724
-1.688221649,-0.8662081301,-1.245315802,-1.815848392,-1.756052547,-0.7148713791,-1.899821767,-1.863441284,-1.430602121,-1.326809862,-0.6570016652,-0.4465183459,-1.455445558,-0.528230517,-1.42915068,-1.3489119,-1.725789297,-1.696545285,-1.222877621,-1.526664032,-1.290832778,-1.518976318,0.2609345792,-1.417612529
-1.420158197,-0.8515655774,-1.12012562,-1.320893388,-1.516392067,-0.9672593631,-1.259816508,-1.677075332,-1.555494237,-0.5739646084,-0.7213381042,-0.6112340205,-1.439406531,-0.4999868984,-1.421031398,-1.339084416,-1.727185501,-1.681857928,-1.22608516,-1.516723024,-1.300441417,-1.485584498,0.346833921,-1.591852966
-1.420158197,-0.9009839675,-1.287555271,-1.340778534,-1.470360463,-0.9289334495,-1.121792528,-2.046685482,-1.510916233,-0.5941455232,-0.3790029284,-0.424890009,-1.419848925,-0.4827659785,-1.411229356,-1.328693148,-1.725093288,-1.668735938,-1.221309832,-1.510364559,-1.294315958,-1.632519488,0.6883805806,-1.917067833
-1.420158197,-1.122671564,-1.506660426,-1.462050437,-1.30403519,-0.9109404926,-1.053993481,-1.162306396,-1.431310641,-0.6765609041,-0.587631757,-0.6176239434,-1.421482977,-0.4755148066,-1.410531085,-1.325621641,-1.72195591,-1.655264624,-1.203180116,-1.467653816,-1.278580422,-1.732207088,0.9174053791,-1.862229079
-1.254816004,-1.064822745,-1.538522924,-1.350442613,-1.240378044,-0.5517186026,-1.080777164,-1.108690289,-1.235293197,-0.7532074593,-0.9093484461,-1.212909036,-1.475637851,-0.4636230356,-1.412547706,-1.321538827,-1.725798162,-1.641658885,-1.185637194,-1.469764901,-1.277141101,-1.638405409,0.7764090837,-1.542599654
-1.254816004,-0.9896069092,-1.352934785,-1.129525526,-1.777110126,-1.219958522,-1.382995892,-2.132224143,-1.878304333,-0.8880410867,-0.7807320818,-0.24601095,-1.481376933,-0.4521303408,-1.406392825,-1.31457409,-1.729815261,-1.613642066,-1.171586401,-1.460987776,-1.274940383,-1.928692406,2.158596395,-1.489595473
-1.254816004,-0.8492278593,-1.233480075,-1.255062322,-1.392108762,-0.3271278987,-1.209888683,-1.256794388,-1.410825021,-0.8100881018,-0.7753981792,-0.9094633303,-1.484837105,-0.4798050202,-1.407186057,-1.312616105,-1.735231784,-1.595756563,-1.149756368,-1.471061922,-1.285077942,-2.291342148,2.045939588,-1.654781594
-1.410343788,-0.830576361,-1.236207469,-1.305870846,-1.692715719,-0.5311604115,-1.612193162,-1.392950172,-1.669263473,-1.163697222,-1.616531586,-1.530705778,-1.509361797,-0.5260298971,-1.404348925,-1.321073663,-1.736627987,-1.580239521,-1.131016688,-1.49568229,-1.27890386,-2.229759376,1.872487785,-1.685179957
-1.410343788,-0.870905375,-1.182101442,-1.355280255,-1.907173306,-0.9218499451,-1.903627689,-1.650172349,-1.827585961,-1.433621239,-1.964680312,-1.560846906,-1.579048162,-0.5922648866,-1.400981975,-1.331264807,-1.740994838,-1.564012206,-1.115021453,-1.413509114,-1.261784617,-1.955743046,1.545314306,-1.863118797
-1.410343788,-0.8340667331,-1.107874842,-1.683129403,-1.751861448,-1.092259028,-1.850079388,-1.252561335,-1.620882237,-1.432962276,-2.620352709,-1.432612366,-1.762214949,-0.7326005572,-1.437944131,-1.380067059,-1.736986968,-1.548896953,-1.100592738,-1.300948725,-1.246684213,-2.124909059,1.924904279,-0.7763749918
-1.64804899,-0.5615437405,-0.9511246201,-2.049356231,-2.446675963,-1.589307693,-2.237589819,-1.665689926,-2.762261148,-1.726338351,-1.901237866,-1.74364391,-1.789745938,-0.7483934611,-1.445844003,-1.377657844,-1.705521525,-0.3464308076,-1.090302386,-1.318629187,-1.246827881,-2.169739089,2.25426547,-1.578298601
-1.64804899,-0.8108563406,-1.073995744,-1.926208925,-2.112614389,-2.03956969,-1.978813061,-1.557967646,-2.216279521,-1.442568289,-2.008970249,-3.773742401,-1.837627393,-0.8016468023,-1.461417501,-1.380292111,-1.604361974,-0.2485133194,-1.067382663,-1.370568843,-1.22797326,-1.866591273,2.10620297,-1.258028237
-1.64804899,-0.7557082669,-1.051609595,-1.717007501,-1.626893221,-1.31095038,-1.668739413,-1.172100734,-1.625387996,-1.115021894,-1.133866256,-0.6254002463,-1.871939346,-0.8510902704,-1.480744534,-1.388070986,-1.550932869,-0.689383543,-1.057219406,-1.429578583,-1.222620076,-1.682784629,1.651956213,-1.261666499
-1.44082861,-0.602462351,-0.8505114608,-1.253871782,-1.645201876,-1.581010086,-1.379830379,-1.599351212,-1.750206639,-0.7959388705,-1.249826797,-0.9715483765,-1.834937141,-0.8624750155,-1.485985494,-1.383321572,-1.531674985,-0.7774065725,-1.055473031,-1.467234187,-1.238065902,-1.557289056,1.365402745,-1.403853789
-1.44082861,-0.9033529072,-1.197337758,-1.433195591,-1.185930225,-1.320301962,-0.9319810206,-0.7748456656,-1.399576754,-0.7347012683,-1.150235443,-1.194963157,-1.782121899,-0.8600236173,-1.473376326,-1.372612485,-1.519332402,-0.6865647282,-1.046392369,-1.467865047,-1.232913738,-1.496007815,1.690594255,-1.723438342
-1.44082861,-0.870905375,-1.262694222,-1.314279025,-1.225681485,-1.046658924,-1.115389338,-0.667460662,-1.303436264,-0.9387894291,-1.092444322,-1.381748079,-1.749767217,-0.8615485008,-1.462368157,-1.367430839,-1.503874541,-0.6233050495,-1.052627418,-1.418095855,-1.222327837,-1.538041707,1.514975589,-1.477999879
-1.287277297,-0.8891607931,-1.295885896,-1.28071389,-1.340540329,-1.300888272,-1.125849589,-1.079437673,-1.458347609,-1.014576558,-1.125214248,-1.238223284,-1.743161209,-0.8773852616,-1.460119297,-1.367380509,-1.464886503,-0.5964187484,-1.057901631,-1.36575901,-1.226089273,-1.548201266,1.670616941,-1.068553352
-1.287277297,-0.9069090153,-1.231663118,-1.082439527,-1.233999319,-1.08882831,-1.163515348,-1.108690289,-1.154161619,-1.097917301,-0.865737009,-1.02847999,-1.729035323,-0.8879309645,-1.457361207,-1.360266031,-1.427776076,-0.4302697128,-1.064345597,-1.378241976,-1.229508461,-1.681346065,1.776853313,-1.563738311
-1.287277297,-0.7820361525,-1.111370225,-1.113790789,-1.275992955,-1.185572656,-1.20419722,-0.9702593422,-1.213993282,-1.155944751,-0.845528171,-0.9377766575,-1.68088967,-0.8926760252,-1.455311652,-1.3568887,-1.392203379,-0.4221712135,-1.072520334,-1.391300051,-1.236541453,-1.543369416,1.560274265,-1.11703268
-1.298302616,-0.8521502258,-1.135946657,-1.118448809,-1.250222171,-1.10154462,-1.320057539,-0.8084851368,-1.109506304,-1.379553111,-1.232395671,-1.773235811,-1.63256986,-0.9062356524,-1.441729245,-1.355737438,-1.355092952,-0.38369486,-1.077659845,-1.351778301,-1.227729808,-1.544016926,1.32384727,-1.287894563
-1.298302616,-0.8282511795,-1.055043323,-1.04778805,-1.451640949,-1.035886518,-1.53826112,-1.23357852,-1.281016726,-1.435344228,-1.259782311,-1.922917678,-1.631586226,-0.9391775582,-1.418260921,-1.35110663,-1.318836651,-0.4216659529,-1.0754821,-1.280702736,-1.215213116,-1.349343059,1.235393556,-1.259916323
-1.298302616,-0.7808877606,-0.9988579806,-1.162287229,-1.061933846,-1.120562818,-1.438586921,-0.2606951075,-0.7910889418,-1.486976946,-1.920456431,-1.938690617,-1.739414681,-1.025575603,-1.426430209,-1.373803545,-1.301996005,-0.5966902155,-1.067663551,-1.048248008,-1.168454117,-1.155904628,0.8497135219,-0.5311312567
-1.423106115,-0.5398946657,-0.7288909969,-1.551294379,-1.887558751,-1.772191026,-1.906351631,-1.410088363,-1.851640477,-1.877283721,-1.620223265,-1.863897127,-1.720798787,-1.000718286,-1.425187401,-1.371140914,-1.284982588,-0.5785686877,-1.053724675,-1.169821106,-1.187409347,-1.015863166,1.13542575,-1.135681857
-1.423106115,-0.6654921817,-0.7812301504,-1.32811704,-1.423021594,-1.275717705,-1.927203026,-1.072414808,-1.006976522,-1.768229741,-0.9134657789,-1.254655187,-1.686223932,-0.9941703026,-1.424381688,-1.356202591,-1.272120408,-0.6246778075,-1.062491782,-1.225471926,-1.220242653,-0.9498707645,0.9776687612,-1.359965583
-1.423106115,-0.611247464,-0.7165191526,-1.102741868,-1.234489434,-1.064599393,-1.541312239,-1.317164884,-0.7614507653,-1.475215858,-0.8405603588,-1.13584649,-1.664225824,-1.005241715,-1.417040481,-1.350006619,-1.261684349,-0.6539643927,-1.068781222,-1.242781525,-1.220510689,-0.9315224135,0.9562300076,-0.9515821021
-1.237237532,-0.6872908767,-0.742867405,-1.003026133,-1.388985604,-1.358808513,-1.214884993,-1.71875089,-1.247335029,-0.9171990511,-0.8687391254,-1.155314547,-1.617017326,-0.9793714506,-1.400191618,-1.328582582,-1.256110684,-0.5727821136,-1.07283558,-1.23361197,-1.227067602,-1.097086874,1.100690977,-1.213368094
-1.237237532,-0.7165465295,-0.8489016277,-1.037429917,-0.9361513871,-0.9013523361,-0.8877774478,-1.406764443,-0.8327977788,-0.7858400494,-0.6096684884,-0.8839741722,-1.553347584,-0.9716614776,-1.38852404,-1.320474128,-1.243594885,-0.5461805029,-1.078285981,-1.249018732,-1.226838752,-1.201148511,1.206864879,-1.255273103
-1.237237532,-0.8154873879,-1.00984615,-0.848276235,-1.024594797,-1.000849519,-0.9823653373,-1.510800274,-0.7724613838,-0.8359100992,-0.602877144,-0.9877275919,-1.530520059,-0.953153255,-1.373788121,-1.308061546,-1.232465304,-0.5818044093,-1.071634075,-1.211098269,-1.225843682,-1.052770546,1.056203764,-1.178410955
-1.053626484,-0.8189642836,-0.9929570453,-0.9421383086,-0.9926928033,-0.85236855,-0.9525579971,-1.198013004,-0.7707204234,-0.8678136858,-0.6569696611,-0.9645468152,-1.498533344,-0.935411495,-1.361057895,-1.293917404,-1.189728097,-0.6160423598,-1.072055631,-1.160542922,-1.215551001,-1.003666808,1.033495855,-1.146708642
-1.053626484,-0.8027652091,-1.083514707,-0.8176692702,-0.7752018899,-0.5234237899,-0.7505610203,-0.9523234253,-0.6237743627,-0.677958721,-0.3610671052,-0.6390554226,-1.465208044,-0.920639917,-1.350799398,-1.277116912,-1.160319915,-0.5504385356,-1.075255487,-1.169965849,-1.209876305,-0.9973087049,0.9393580358,-1.144474933
-1.053626484,-0.6744205098,-0.88532252,-0.9167072242,-1.151046821,-0.754066584,-1.290595576,-1.323100195,-0.7957622897,-1.23391692,-0.6614065363,-0.866516822,-1.394776861,-0.9123281071,-1.334944758,-1.258677916,-1.148670374,-0.5235523313,-1.088804088,-1.112208094,-1.207266458,-1.037783445,1.017409746,-1.20695545
-1.063251891,-0.5964340382,-0.7828059023,-0.7739668704,-1.141098065,-0.75889449,-1.203842159,-1.44351026,-0.7887547448,-1.297083455,-0.680388976,-0.853639413,-1.360480781,-0.9036893861,-1.315967876,-1.24881989,-1.140837483,-0.439031269,-1.097340634,-1.098023733,-1.203591656,-1.170317203,1.13542575,-1.044514159
-1.063251891,-0.6366153944,-0.6470599035,-0.7344009752,-1.277487565,-0.7664560687,-1.264599276,-1.147924639,-1.106293747,-1.518304432,-0.8721850419,-0.7816721477,-1.349750892,-0.9368132749,-1.285791908,-1.240119108,-1.130921748,-0.3755020917,-1.091419,-1.042431777,-1.18051724,-1.226923877,1.281203313,-1.007004127
-1.063251891,-0.6543604219,-0.6387661219,-1.04260684,-1.170581145,-0.8854501582,-1.612193162,-1.071412743,-0.6972814063,-1.97478551,-0.9815801185,-0.8081393862,-1.449775985,-1.029932419,-1.290521192,-1.256162657,-1.110973838,-0.3807124725,-1.061874717,-0.8468630146,-1.134693919,-1.196837771,1.115978702,-0.4040138315
-1.244356819,-0.4719442359,-0.5739248824,-1.305270694,-1.251702014,-0.7837790629,-1.282008324,-0.6141580577,-1.325322702,-1.893889597,-1.104711746,-1.040706194,-1.41435933,-1.014556708,-1.297375949,-1.250474393,-1.097419098,-0.3612925211,-1.058213201,-0.9784055536,-1.161898192,-0.998855492,0.9514272587,-0.7482238268
-1.244356819,-0.5205126603,-0.4973979851,-1.052397174,-1.482735755,-1.325178096,-1.549184183,-1.663895763,-1.298667873,-1.935767862,-0.765556689,-0.8320266807,-1.396181623,-1.006884251,-1.293364212,-1.231998741,-1.092019339,-0.2716749598,-1.052142216,-0.9474237172,-1.149622388,-1.041807835,1.124650524,-1.330640079
-1.244356819,-0.4370931844,-0.5227018033,-1.0316828,-0.9031534047,-0.4831796047,-1.093339253,-1.01922094,-0.5496962231,-1.246582452,-0.2108184827,-0.2543745585,-1.395703567,-1.001108576,-1.295156663,-1.218091362,-1.087315386,-0.1372550011,-1.0568393,-0.9876457879,-1.154809699,-1.145706226,1.245462424,-1.048890928
-1.116742428,-0.4587064332,-0.4353630872,-0.7977163885,-1.035467827,-0.9138238413,-0.7812632894,-1.73275878,-0.9129801755,-0.8173671385,-0.3828000159,-0.421015139,-1.353206353,-0.9624117982,-1.274591139,-1.196718152,-1.078961551,-0.1114414268,-1.053039082,-0.9916230455,-1.15023546,-1.224699957,1.247468746,-0.8767143483
-1.116742428,-0.695145847,-0.6781660895,-0.7805855796,-0.7011127436,-0.6241182336,-0.4312172987,-1.350756722,-0.5698344307,-0.6136898977,-0.1000248518,-0.3064034783,-1.307106991,-0.9565514607,-1.260457558,-1.185249237,-1.070434104,0.07599068322,-1.040726195,-0.9979459889,-1.135823314,-1.201233542,1.337184869,-0.9405025432
-1.116742428,-1.320620901,-1.182995668,-1.16522074,-0.8501989755,-0.8573824802,-0.4365413335,-1.734590222,-0.8239420709,-0.5830403673,-0.4819711144,-0.7194453134,-1.293442426,-0.9577671809,-1.247118302,-1.178104802,-1.042913876,0.01862116108,-1.030236557,-0.981145797,-1.115437864,-1.185421129,1.316176439,-0.9156940999
-1.02986812,-1.920175874,-1.776416274,-2.10298216,-0.902290675,-0.7825596451,-0.5561233149,-1.100595051,-0.9214708377,-0.8055385247,-0.6464328883,-0.9639850018,-1.296696343,-0.9596887391,-1.23637322,-1.16279887,-1.010249486,0.1482709922,-1.023512312,-0.9645914514,-1.110356903,-1.269777722,1.540296951,-0.9103466805
-1.02986812,-1.90866145,-1.762421634,-1.874070657,-0.5036585658,-0.6106742855,-0.3903166849,-0.2473508536,-0.624329335,-0.5509669108,-0.6856172657,-0.839416109,-1.295227142,-0.9713738101,-1.222576651,-1.146882711,-0.9920271504,0.2656449936,-1.017692385,-0.9603139282,-1.091969376,-1.317534768,1.509863715,-0.9244494093
-1.02986812,-1.793859319,-1.527533954,-1.830842759,-0.9748909835,-1.20020274,-0.6312010307,-1.227274747,-1.040800765,-0.8198553402,-0.9000493394,-1.531480935,-1.248049496,-0.9813649688,-1.200664471,-1.132127014,-0.9789918032,0.376879326,-1.010588789,-0.9443727907,-1.08859258,-1.578764631,1.835184898,-1.085657929
-1.090851087,-1.837267835,-1.435153279,-1.843910613,-0.7883773586,-0.839564272,-0.6389770995,-0.4483269162,-0.7545155517,-1.092559268,-1.08841504,-1.273508155,-1.210690909,-0.992023154,-1.172975166,-1.120711528,-0.9454715255,0.4092080167,-1.014132908,-0.9611442803,-1.090972781,-1.584470765,1.832387422,-0.8064873805
-1.090851087,-1.685232615,-1.296812877,-1.765909779,-1.039102313,-1.025493098,-1.021277244,-0.7789747847,-0.8834335443,-1.451410767,-0.9469490383,-0.8827636901,-1.208836767,-1.025879814,-1.134566312,-1.112770022,-0.9341686069,0.2436570472,-1.000813076,-0.9143095734,-1.069806336,-1.380485517,1.546983328,-0.9655107094
-1.090851087,-1.721593629,-1.215357299,-1.873413456,-1.103077463,-1.532585479,-1.034029342,-0.7789747847,-0.974729118,-1.655722193,-1.348016719,-0.9510550539,-1.297933919,-1.119970242,-1.134221151,-1.130899219,-0.9397601374,0.03489706777,-0.9766255205,-0.7062739051,-1.003837315,-1.328216461,1.346645272,-0.3894328534
-1.219245266,-1.419433861,-1.0930624,-1.932839792,-1.312103203,-1.288642738,-1.339226115,-0.9537741161,-1.648009442,-1.940159553,-1.095548648,-1.20660142,-1.276194458,-1.114624972,-1.132545419,-1.123689206,-0.9453516676,0.1352516139,-0.9765885432,-0.8389641837,-1.026748049,-1.322835913,1.352295239,-0.3236496719
-1.219245266,-1.465687153,-1.033643418,-1.617180062,-1.532835347,-1.532992095,-1.396917423,-1.489165433,-1.46335233,-1.89764834,-1.111720877,-1.630900109,-1.263260255,-1.108919095,-1.124538202,-1.108645168,-0.9390825441,0.0638181831,-0.97190337,-0.8485164968,-1.023857886,-1.338868527,1.192410865,-0.8759679295
-1.219245266,-1.387782107,-1.043897307,-1.343796955,-1.104942012,-1.299029181,-0.9749396507,-1.381390054,-0.9581086133,-1.495298997,-0.6230444734,-1.006670685,-1.229209095,-1.099439393,-1.116625727,-1.093962037,-0.9383848607,0.03824371249,-0.9689572494,-0.859283367,-0.9947684382,-1.273715642,1.04715857,-0.9250316713
-0.9980552215,-1.102669672,-0.8264495656,-1.106810253,-0.9300412156,-1.026831855,-0.6551486985,-1.288713975,-0.8541488406,-0.9803885953,-0.4936447622,-0.70619489,-1.165343712,-1.071064052,-1.103269891,-1.073690193,-0.915851785,0.07856178848,-0.9726758142,-0.8337352268,-0.9989924835,-1.327331542,1.320016372,-0.6911961446
-0.9980552215,-1.130198786,-0.8715141858,-1.0156189,-1.055063281,-1.104302281,-0.7870330047,-1.563185238,-0.9421823302,-1.219960831,-0.6129933261,-1.018858953,-1.128778381,-1.078934867,-1.089821466,-1.060997756,-0.8912533309,0.2372142381,-0.9677216001,-0.8486034882,-0.9914393244,-1.41278489,1.55530287,-0.8042294929
-0.9980552215,-1.265631264,-1.100024321,-1.028237062,-1.353336734,-1.589307693,-1.255414011,-1.805561349,-1.125616119,-1.303439026,-0.8452847379,-1.37358492,-1.113770148,-1.075005965,-1.070608822,-1.048341398,-0.8611591265,0.5293515886,-0.9079496021,-0.7570087972,-0.9384959,-1.501005454,2.297969147,-0.9400272178
-0.815949361,-1.386440902,-1.261777185,-1.131276275,-0.2118191569,-0.6075378331,0.08336674286,0.2331264694,-0.3949335806,-0.5815897671,-0.7974222465,-0.9851674254,-1.112287536,-1.069410632,-1.056902726,-1.043392491,-0.8226829629,0.9829071764,-0.8605933128,-0.7101055316,-0.9040008887,-1.663460691,2.971387474,-0.5218120998
-0.815949361,-1.244884988,-1.105255836,-0.9563114807,-0.381546717,-1.137274853,-0.2048724289,0.02992169153,-0.3835618921,-0.8079365019,-0.9031329168,-0.947269115,-1.08758271,-1.062092739,-1.037950438,-1.028280445,-0.7796053219,0.6766733862,-0.8162605368,-0.6708252627,-0.8584869908,-1.732505961,2.382007132,-0.8073219793
-0.815949361,-1.250708739,-1.047322669,-1.031108379,-0.09356094167,-1.26983043,0.2963146201,0.2799673212,-0.4146682635,-0.119160775,-0.6706927525,-0.8845392555,-0.9833200625,-1.046222,-1.003904128,-1.008559753,-0.7273609747,1.292638945,-0.7999158165,-0.6332747111,-0.8401292748,-1.752364859,3.008517064,-0.3901404924
-0.8273389108,-1.152867961,-0.9378542413,-0.9699479972,-0.1074961972,-1.113977171,-0.09071076394,0.5566749417,-0.02731202523,-0.6332634216,-0.4219323972,-0.677300296,-0.9599937203,-1.050589176,-0.9775345579,-1.00046792,-0.6429085291,1.131607183,-0.7928221654,-0.6236545921,-0.8221230248,-1.816920338,2.490202708,-0.4275022379
-0.8273389108,-0.9859746697,-0.7498788343,-0.9472369528,-0.693540197,-1.350075778,-0.6337054072,-0.2497018621,-0.5873508117,-1.196192496,-0.5444491999,-1.016989936,-0.9755689488,-1.080807394,-0.9369719291,-0.996728069,-0.5240592165,1.125937614,-0.7860192316,-0.5838036693,-0.8130284719,-1.700959583,2.357856419,-0.6523788327
-0.8273389108,-1.026116476,-0.735871482,-1.166981507,-0.5905450669,-1.703126017,-0.7286365239,-0.5342677738,-0.1921043456,-1.320494225,-0.9925186234,-0.9158082031,-1.067574919,-1.200635819,-0.933012963,-1.018894105,-0.4694461576,1.05602518,-0.78092434,-0.4012447917,-0.7835498959,-1.593201651,2.186991441,-0.2392975995
-1.08163516,-0.7872081026,-0.6531054321,-1.354070494,-0.8966899081,-1.562025392,-0.8413182316,-0.03672261673,-0.9312012489,-1.695454044,-0.815059515,-1.261242954,-1.030147384,-1.216538316,-0.9349742784,-1.014432914,-0.423987334,1.050865011,-0.7775741162,-0.579049747,-0.8076076018,-1.52355771,2.037321863,-0.4272232313
-1.08163516,-0.9444451244,-0.6751178389,-1.278323256,-0.829986987,-1.483848061,-0.8119932608,-0.6154694065,-0.6154609478,-1.677336414,-0.6669447721,-1.128037602,-1.026958152,-1.236898131,-0.9252973309,-0.9952550434,-0.3909805387,1.076488746,-0.7816246172,-0.5963486975,-0.8003119318,-1.659769825,1.858771354,-0.8708621276
-1.08163516,-0.8850311306,-0.6237420048,-1.222404718,-0.7563785259,-1.588892184,-0.5760840483,-1.063406995,-0.5917444579,-0.96266066,-0.8975570239,-1.49486122,-1.00987106,-1.274418952,-0.9290616189,-0.9908778018,-0.3468819927,0.9289053005,-0.7912885448,-0.6452577659,-0.8159123386,-1.589979868,1.662867613,-1.026091658
-0.9574352698,-1.122044951,-0.8352510234,-1.055856247,-0.4863308328,-1.358428218,-0.232689271,-1.137178703,-0.3217078389,-0.4027890521,-0.839640944,-1.346067212,-0.9418797558,-1.271718922,-0.916503842,-0.9776584862,-0.3385281578,0.5678057961,-0.7999335088,-0.6775510099,-0.8231439532,-1.456874731,1.267397156,-0.6491249046
-0.9574352698,-1.043885971,-0.8432736549,-1.113790789,-0.2101667765,-1.415713759,-0.03239779639,-0.2887336647,-0.08431819413,-0.243146394,-0.6552740888,-1.391381619,-0.9008520617,-1.270602296,-0.9060673352,-0.9661886001,-0.358706801,0.6306823415,-0.8024637552,-0.6936596794,-0.8149745224,-1.352323946,1.221191703,-0.7901883348
-0.9574352698,-1.161719439,-1.031085131,-1.091712424,-0.4357514815,-1.64219989,-0.2118308858,-0.4090457656,-0.4016716608,-0.5060206488,-0.9511170372,-1.557973755,-0.8890190898,-1.257838119,-0.8908384272,-0.9571574761,-0.3799446761,0.5528015224,-0.804093225,-0.6633080983,-0.8207853122,-1.312992491,1.225262032,-1.039781454
-0.7832332032,-1.230041437,-1.068815631,-1.074337001,-0.3583582779,-1.29012398,-0.4050716952,-0.1401916431,-0.03055640369,-0.7045047632,-0.8370928175,-1.227824252,-0.9024964778,-1.248043817,-0.8856018786,-0.9540200803,-0.3914969097,0.6306004543,-0.799114878,-0.6824536336,-0.8141047444,-1.306994551,1.225262032,-0.705435654
-0.7832332032,-1.155394907,-1.02342266,-1.088813167,-0.2154580996,-1.517585194,-0.2157095115,0.08357624494,-0.00423009623,-0.4460570515,-0.8471111229,-1.54477175,-0.8761572332,-1.239506559,-0.8684303873,-0.9382601759,-0.3864450191,0.631419203,-0.7935078579,-0.6787984663,-0.8083197893,-1.264477322,1.012784372,-0.9779051238
-0.7832332032,-1.206280527,-1.052467678,-1.052973553,0.1008140182,-0.9731556226,0.01718672951,0.1579714981,0.444182061,-0.420797954,-0.4411435362,-0.9797615353,-0.7759548151,-1.22010483,-0.8449916014,-0.9172234418,-0.3794807151,0.5958782659,-0.7957493614,-0.6635181399,-0.8051719269,-1.082009793,1.001163118,-0.8945995602
-0.7967310733,-1.029174415,-0.793067467,-0.8488341135,0.1796164841,-0.7190321191,0.02943532481,0.2395679576,0.6079399636,-0.3603787724,-0.3650030871,-0.6704284173,-0.7539212725,-1.209003056,-0.8204729455,-0.9049916716,-0.3763433372,0.5394050088,-0.7963286243,-0.6624104123,-0.8106541022,-0.9517008646,0.768355659,-0.5178165679
-0.7967310733,-1.024893971,-0.7343189314,-0.8287817602,-0.437553901,-1.205934425,-0.630450464,-0.6277334835,0.09991759377,-1.108698189,-0.3607160102,-0.8722560477,-0.7714098445,-1.224207449,-0.7803198292,-0.8912772971,-0.3669480806,0.6173804585,-0.7782848141,-0.5759018914,-0.7797006355,-0.8624180472,0.5620600465,-0.6305295223
-0.7967310733,-1.011471634,-0.6252412096,-0.6749746966,-0.1708218856,-1.399051851,-0.6036566846,0.1759697817,0.4280773503,-1.241413804,-0.5774887426,-0.193637577,-0.8879719162,-1.335651642,-0.7799273698,-0.9193598898,-0.3530471636,0.5673015409,-0.7533099588,-0.3753823418,-0.7428053682,-0.7194632875,0.3328284092,-0.02804372295
-0.8828885903,-0.7900843729,-0.6058067512,-0.5153297359,-0.5749098879,-1.251518067,-0.5475407385,-0.1741263512,-0.4251024865,-1.096983811,-0.5286524826,-1.377699869,-0.8377782798,-1.295886819,-0.777998872,-0.9065039064,-0.3322371052,0.6103718212,-0.7485309818,-0.5036864675,-0.7628193151,-0.591419624,0.4350459066,-0.419202793
-0.8828885903,-0.998095306,-0.6796913171,-0.4422350579,-0.626750996,-1.63711597,-0.6882381901,-0.5113032631,-0.2609906834,-0.9949849464,-0.5474052645,-1.442834957,-0.7862500486,-1.291473023,-0.764477437,-0.8868148114,-0.2927373424,0.5878906196,-0.7466888539,-0.484491365,-0.754587073,-0.6769455068,0.6968384214,-0.7435404985
-0.8828885903,-0.8956591056,-0.6365079503,-0.2097781874,0.1847291577,-0.7220081541,-0.05142998712,0.1104366454,0.732458369,-0.2747031844,-0.04672796759,-0.6540571928,-0.7173765155,-1.269976761,-0.7564776181,-0.8734744435,-0.2764151128,0.5835529827,-0.7518424805,-0.5028033752,-0.749657905,-0.6777570748,0.6396047355,-0.6270953749
-0.6374345608,-0.7740044972,-0.4587505853,-0.06734372112,-0.3552122031,-1.121257014,-0.5446898479,-1.070410978,0.322688612,-0.3095299978,-0.3349262828,-1.188925299,-0.6308462255,-1.234575124,-0.7385541861,-0.8551819881,-0.2442644569,0.6135075947,-0.7480979846,-0.4965020096,-0.7457045652,-0.6841679077,0.9174053791,-0.4873330568
-0.6374345608,-0.969068779,-0.711121649,-0.09448432304,0.06480991785,-1.031187575,-0.05441835432,-0.3515806018,0.5845422685,-0.1472767753,-0.2132252422,-1.0214523,-0.5119474732,-1.193909219,-0.7124498548,-0.8343288562,-0.2213869813,0.7610054447,-0.7267507918,-0.4819930299,-0.7095109997,-0.8717304897,1.00814582,-0.6361209033
-0.6374345608,-1.082769781,-0.9229913077,0.04199227214,0.4621985551,-0.8045970634,0.3696353287,0.261511413,0.8432117858,0.1536331886,-0.1190821188,-0.8643928884,-0.4494880339,-1.166317554,-0.6940324524,-0.819682165,-0.1873533723,0.7441841519,-0.7102826025,-0.4693061293,-0.6898491189,-0.7831954079,0.8851641135,-0.4763085718
-0.4509202615,-1.082149542,-0.8845085944,0.1380249433,0.2933733986,-0.7561776909,0.07509681533,0.4619935873,0.7712457062,-0.217179571,-0.1164326872,-0.8021085642,-0.3764826072,-1.137029229,-0.6723195479,-0.8039274083,-0.1569162573,0.6802864332,-0.6922978323,-0.4616539048,-0.6769008741,-0.6905810715,0.7357375923,-0.4644350965
-0.4509202615,-1.074714349,-0.9008270309,0.2714410887,0.371907476,-0.7513548175,0.2155325262,0.1649053652,0.8424998306,-0.2749046795,0.04193787051,-0.8686826037,-0.2833789371,-1.086105071,-0.6398877247,-0.7767634057,-0.1227115714,0.6045020031,-0.6870498227,-0.4330331339,-0.657098104,-0.6570616464,0.5249852595,-0.5646415182
-0.4509202615,-0.8932948306,-0.6995864889,0.2109785577,0.3282428723,-0.6841695255,0.02943532481,0.2742736189,0.9327517755,-0.1841878044,0.06336643154,-0.7273404462,-0.1546763494,-1.063321489,-0.6110947468,-0.7552904699,-0.1031086397,0.5414446886,-0.6809203829,-0.3864319909,-0.6412979123,-0.6319221773,0.3537917552,-0.4824320814
-0.4816160536,-0.891522564,-0.6485702028,0.2401110017,0.2890156756,-0.774343486,-0.1914261689,-0.1637951739,1.177713867,-0.7647733019,-0.08281532762,-0.7435658684,-0.08839106622,-1.059829635,-0.5806323922,-0.7385125469,-0.07147186989,0.5396600624,-0.6748732097,-0.3876861673,-0.6278295652,-0.5939903643,0.3676188506,-0.4421869463
-0.4816160536,-0.8773733329,-0.614761667,0.2020236519,0.04781566085,-0.6195337694,-0.3346780019,0.1304415236,0.7217669145,-1.041149256,0.05268330694,-0.7068737369,-0.07836154275,-1.096785327,-0.5276119762,-0.7212085709,-0.0489387937,0.43028669,-0.6625080306,-0.3506596348,-0.6105339236,-0.5547922813,0.1507039496,-0.664687121
-0.4816160536,-0.8703179101,-0.4923614201,0.1760290742,0.389536914,-0.7816454566,-0.3808396934,0.0771828963,1.45137377,-1.11113105,-0.1084903447,-0.05622771128,-0.2194096034,-1.193428706,-0.5208435088,-0.7452058644,-0.04232204542,0.3614671756,-0.6288069755,-0.209763626,-0.5615076677,-0.4758178967,0.01972838029,0.2561161438
-0.6683974959,-0.6002691596,-0.4261970973,-0.1721117061,-0.2144651548,-1.000186704,-0.579475034,-0.1991291907,0.4106767703,-1.255742802,-0.4465041053,-1.39682531,-0.1777012291,-1.171719549,-0.5139170854,-0.7254638196,-0.03657448945,0.3342351516,-0.6239969925,-0.2967347022,-0.5717125482,-0.5361946843,0.1663591732,-0.2222328752
-0.6683974959,-0.8033425911,-0.5169002026,-0.1167781717,-0.1160845544,-1.164662896,-0.5432662619,-0.02350706707,0.5776062459,-1.101422961,-0.1563103147,-1.201037751,-0.1766752524,-1.169218394,-0.50857156,-0.7071938076,-0.03517940238,0.3065071294,-0.6238933276,-0.3062963745,-0.5645461668,-0.4267506553,0.06594938823,-0.6259138184
-0.6683974959,-0.7420421713,-0.384233335,0.03230743797,0.3045067938,-0.754066584,-0.2056441321,0.3258320639,1.093994713,-0.4102181507,0.2554508818,-0.513862785,-0.1539601369,-1.152069068,-0.4999563556,-0.6877553864,-0.02995357001,0.3722386185,-0.6278912861,-0.3159293019,-0.5443086284,-0.3674842993,0.3151503777,-0.44132938
-0.4086514155,-0.5931497885,-0.2924768732,0.182656129,0.2011351763,-1.106027304,0.00705033049,-0.2258764919,0.7930006234,-0.2136891822,0.09657546915,-0.7283860584,-0.05415043793,-1.112437975,-0.4794832007,-0.6565300547,-0.01242194209,0.2461526452,-0.6299593986,-0.3469804897,-0.5437674769,-0.4789916843,0.3115916207,-0.2453596865
-0.4086514155,-0.8265082022,-0.5082177034,0.2142745055,0.3188283597,-0.6410935851,0.02976961658,0.01293153531,0.9750891183,-0.3360690488,0.2059515993,-0.6292970777,0.002985731105,-1.079177661,-0.4587704616,-0.6360637949,-0.01906388249,0.1206471751,-0.6345888157,-0.3260186973,-0.5388447582,-0.5155276145,0.1741306949,-0.5255967557
-0.4086514155,-0.7900843729,-0.5665563212,0.1423119499,0.428318789,-0.7492476175,0.05826635003,0.4108956734,1.078120554,-0.1437384103,0.2748777749,-0.5302590605,0.02402205482,-1.031962652,-0.4392385066,-0.6195750138,-0.03149440963,0.06609226453,-0.6262698703,-0.3136039313,-0.522933127,-0.4831102049,0.1507039496,-0.1574379409
-0.3414842199,-0.8691432455,-0.6796913171,0.2788997525,0.6031415081,-0.7734321784,0.4159611447,0.3334154973,1.082758402,-0.2336201465,0.1234142044,-0.7079866724,0.03158400903,-0.9960902792,-0.4217532123,-0.6082247693,-0.03813634944,0.1071737093,-0.6120614235,-0.3159105199,-0.5121908708,-0.49230091,0.1028142999,-0.3289319645
-0.3414842199,-0.8340667331,-0.6835076065,0.3580638053,0.6510024991,-0.2292103489,0.3652838973,-0.03966650029,1.29711806,-0.1141137165,0.2449060325,-0.4755678845,0.05400205443,-0.947829231,-0.3956742195,-0.5836116551,-0.04810876595,0.07979495275,-0.6129488119,-0.3139204001,-0.495335375,-0.4044494191,0.1467665095,-0.302239791
-0.3414842199,-0.694584253,-0.520524956,0.3354815683,0.4655114091,-0.7489467282,0.0752593729,0.04503180721,1.216407513,-0.3084184547,0.1108559671,-0.6042248875,0.1531534648,-0.9043453527,-0.3675859561,-0.5613667131,-0.03645922435,-0.0701119099,-0.6090253588,-0.2630021802,-0.4747382887,-0.273060678,-0.1461393755,-0.4095039071
-0.3703367964,-0.712031359,-0.4837459217,0.316986474,0.2560975137,-0.8330302989,-0.1582858262,0.09667992773,1.010806357,-0.3696743787,-0.07808691291,-0.7275685442,0.1851541127,-0.8756121645,-0.3385162598,-0.5414285288,-0.02290448397,-0.0352841404,-0.6057694418,-0.2860216386,-0.4742855059,-0.2737423928,-0.09047136463,-0.25438931
-0.3703367964,-0.6794516862,-0.3953693532,0.285884184,0.4588814687,-0.6112449559,-0.02287772515,0.5998383472,1.201431534,-0.5082460639,0.2007498843,-0.3604951518,0.1306302477,-0.884717421,-0.2947828874,-0.5267839005,-0.02063803423,-0.08677946024,-0.5937243062,-0.2211871182,-0.4550400043,-0.2178200128,-0.1699081291,-0.2879678487
-0.3703367964,-0.6228080213,-0.3093948827,0.2635065041,0.4619435451,-0.6491885911,-0.1350182106,0.4714882643,1.360417856,-0.7441334624,0.06133875707,0.02591353725,0.003607940187,-0.96401632,-0.2866961411,-0.5431742644,-0.02710486191,0.05604958889,-0.5565146036,-0.06290829044,-0.3946203636,-0.1364275625,-0.3150603864,0.5217430357
-0.449288203,-0.5735021266,-0.3223133566,0.003162664231,0.05915751578,-0.6906340124,-0.1971753359,-0.005602615831,0.6117598903,-0.8809039607,-0.06969686853,-0.8208337599,0.0276277854,-0.9083533415,-0.2897318766,-0.5293355256,-0.01216582757,-0.07689670719,-0.5607220582,-0.1897571868,-0.4216901617,-0.01985047128,-0.5695316857,-0.07776459946
-0.449288203,-0.5931497885,-0.2000280055,0.09643173799,-0.1362352278,-0.9023095637,-0.6510908003,-0.21499675,0.6542439861,-0.8584359189,0.008712689661,-0.9214109914,0.05669092436,-0.8694462666,-0.2785250768,-0.5024947435,-0.01077074133,-0.1667550109,-0.5518950118,-0.1787475907,-0.4074450788,0.02693044482,-0.8712790226,-0.4032002764
-0.449288203,-0.4444598668,-0.1680716935,0.2564970342,0.5206940741,-0.3133483503,0.03660760002,0.34295281,1.340881463,-0.1782188579,0.2645296575,-0.387932602,0.0874984925,-0.8560162881,-0.2835098311,-0.4885407881,-0.01181778871,-0.1251521547,-0.5716094782,-0.1995748931,-0.4002704132,0.03444254113,-0.7712746553,-0.2817185223
-0.2905805719,-0.5398946657,-0.1947885477,0.326240855,0.1060840848,-0.677428323,-0.1468899189,-0.3447183088,0.7339303406,-0.188967546,-0.05589254748,-0.8553354466,0.1832403059,-0.823573189,-0.2680323899,-0.4637674886,-0.01094572907,-0.2199847428,-0.5758602616,-0.2108496948,-0.3987160666,0.0828787129,-0.8935317249,-0.05497431886
-0.2905805719,-0.7035794697,-0.4787310292,0.2681751253,0.1867147039,-0.5184623648,-0.1087993382,-0.4499910093,0.9171259251,-0.09990547078,0.3332864626,-0.2681024171,0.2421791205,-0.7820570304,-0.255837568,-0.4460036695,0.0007038125733,0.01398095546,-0.5803509634,-0.179916847,-0.3732169659,0.07776928332,-0.5272401987,-0.3167345306
-0.2905805719,-0.6861700277,-0.5504056522,0.3433254586,0.4039199078,-0.5055519483,0.01836523223,0.468958981,1.080109,-0.3199730492,0.1844765659,-0.5321460292,0.2657624322,-0.7603556852,-0.2451724053,-0.4320817877,0.01598874873,-0.1342236299,-0.5688528504,-0.1685244813,-0.3619266442,-0.06241089249,-0.6446895234,0.05474806888
-0.1120128018,-0.7261586488,-0.6162566206,0.4020716827,0.8112233028,-0.261940924,0.5706616262,0.6744330267,1.302078229,0.1671354499,0.1570139691,-0.2415233701,0.2909363879,-0.6984626344,-0.2290322203,-0.4145207145,0.01738383517,-0.1209080506,-0.5508529765,-0.1551189239,-0.3540597129,-0.01732586906,-0.8566110792,-0.1577944683
-0.1120128018,-0.6996415108,-0.4866151481,0.6118444399,0.7906329491,0.04442805742,0.4164891128,0.7564129531,1.436238579,-0.02781151465,0.3589934884,-0.04831159622,0.3253344299,-0.6604625658,-0.2117581539,-0.3928298889,0.02330526406,-0.163005274,-0.5444538801,-0.1302025859,-0.3500360042,0.004887727123,-0.8566110792,-0.1633651935
-0.1120128018,-0.5953389811,-0.4128482455,0.4602714622,0.551919471,-0.2445325492,0.2859141188,0.2813056104,1.172241076,-0.2362836986,-0.009244511241,-0.3452075663,0.4225194877,-0.6294275619,-0.1853754709,-0.3746166105,0.02330526406,-0.123140865,-0.5216066971,-0.07220890854,-0.3423520499,-0.0219709266,-0.7851903871,0.04158864576
-0.1254163788,-0.5658880056,-0.3641486841,0.5179348691,0.5803383892,-0.02913501825,0.195869247,0.5297620205,1.280634099,-0.2261614773,0.2090887588,-0.09645517964,0.4763256706,-0.6276484583,-0.1539696721,-0.3560738675,0.02208364763,-0.1582412403,-0.507836022,-0.05640820635,-0.3257252419,0.06395554958,-0.8566110792,0.05254099323
-0.1254163788,-0.4286911126,-0.2382758489,0.5345046656,0.441975191,-0.04745318174,0.07102762219,0.4406911262,1.093664778,-0.3747791771,0.2226042458,0.01290968113,0.4448480125,-0.6535249811,-0.1051443859,-0.3439434178,0.0259174546,-0.1314201747,-0.4810437069,-0.002267610238,-0.3015434601,0.1482987132,-0.8566110792,-0.09591600566
-0.1254163788,-0.4666437247,-0.1184979129,0.4339667424,0.4898455698,-0.4948874573,-0.06288565745,0.5763358082,1.319688551,-0.7584883619,-0.144420041,0.3119150393,0.3081173371,-0.7429950368,-0.09551943374,-0.3661485212,0.03218657837,-0.1639137696,-0.4296339166,0.1587421846,-0.2648346773,0.2138974466,-1.100303821,0.7105990556
-0.1844159111,-0.2890622645,-0.1248923398,0.353922153,0.2247133232,-0.1102465442,-0.0570596859,0.4083201998,0.7276699265,-0.7015687504,0.01680019137,-0.4531342779,-0.01831019144,-0.452669201,-0.06659009146,-0.09405124458,0.0335816649,-0.1790675174,-0.4175338061,0.02616560108,-0.2903856339,0.2177085441,-1.117352466,0.2275634108
-0.1844159111,-0.4528959965,-0.1364349827,0.3961303714,0.02829951917,-0.5162603193,-0.1923829626,-0.1745096001,0.5791488433,-0.6018991614,0.01370676299,-0.5608647046,0.01653242207,-0.4390473583,-0.05916194371,-0.07027601539,0.03183623623,-0.1865080269,-0.402758476,0.01217377444,-0.2887221193,0.2685563128,-1.075060979,-0.1594219286
-0.1844159111,-0.348219088,-0.02596155275,0.6611253709,0.5961278415,0.2102703307,0.1536519002,0.02631397544,1.45994923,-0.110671035,0.4892094398,0.1621162057,0.06417158407,-0.3976986063,-0.0515630168,-0.05100982042,0.03532186353,-0.2655084729,-0.3849064038,0.02775334439,-0.2829845122,0.2343721885,-1.327430594,0.04661936744
0.04063717972,-0.2794576895,0.0885713727,0.7632826531,0.4794807447,-0.2842439123,0.3103146837,-0.09460032118,1.02498582,0.1413160943,0.2600695769,-0.03643103464,0.1871729565,-0.3258875537,-0.03083218301,-0.02429950559,0.04991492677,-0.2851294417,-0.3676944259,0.03456599333,-0.2724749727,0.3496975684,-1.438367847,0.2851886858
0.04063717972,-0.4015086507,-0.1752175105,0.783515471,0.6750760553,0.1090540781,0.3670530613,0.3912074837,1.319072231,0.1387197332,0.5547991548,0.3907147621,0.2546327605,-0.2934260513,-0.02147418829,-0.01119247549,0.06000412016,-0.413847827,-0.3516949297,0.04579000675,-0.2608949766,0.4334201776,-1.591459267,0.03754309925
0.04063717972,-0.5539528947,-0.3606986653,0.7938219429,0.5497014967,-0.04400869057,0.1899693854,0.3135964851,1.255909972,0.1378564894,0.4686980976,0.2334098722,0.2865733076,-0.2509429253,-0.005590692086,0.0003315117811,0.05843331332,-0.4172494013,-0.3292873045,0.09151340026,-0.2400202905,0.4938146378,-1.397147146,0.249804075
0.1864289126,-0.6266691637,-0.4304242542,0.7882413781,0.6910019753,0.2906008237,0.4661414281,0.4333469909,1.227832734,0.2071564254,0.6583283076,0.4672356695,0.3187795668,-0.2077680352,0.01015490754,0.01314993574,0.05825884872,-0.4793068623,-0.3040513022,0.1106980132,-0.2305431829,0.5547063436,-0.969983831,0.2130443236
0.1864289126,-0.4783143677,-0.4072444852,0.9119841578,0.8192361569,0.4504554351,0.5053569876,0.6499520308,1.407259257,0.2308252672,0.7529759278,0.6742883084,0.3624700732,-0.14874508,0.03045682421,0.0316803292,0.0688683133,-0.3725297429,-0.2764673919,0.1356553888,-0.2061598057,0.4571323687,-1.075060979,0.2032905951
0.1864289126,-0.4234489897,-0.225695379,0.9145099814,0.6407865765,0.2601542629,0.2402618502,0.2422764613,1.434453401,0.1205795,0.5534481547,0.3014535632,0.4910702871,-0.08050001591,0.05827105615,0.0543691497,0.07600636937,-0.5298828414,-0.2455537681,0.1686947091,-0.1849943969,0.5584765081,-1.269961191,0.2213479701
0.2109364944,-0.3905845683,-0.1635327457,0.9506018505,0.8440080585,0.6130292907,0.5398654783,0.7677143203,1.398244864,0.361609366,0.9145141064,0.774653563,0.5583166082,-0.03188178358,0.09268015608,0.07546335223,0.08314442489,-0.6585550902,-0.2303516462,0.1897959369,-0.1696429181,0.6975588182,-1.327430594,0.4418850623
0.2109364944,-0.2598167894,-0.021621865,0.9810754516,0.5086992028,0.4587920659,0.06335005324,0.4195733052,1.270328794,-0.05851305905,0.7426821927,0.6937881501,0.5535636817,-0.0137459341,0.145385667,0.09413761669,0.09028248097,-0.6038951728,-0.2074562565,0.2517147966,-0.1511568609,0.692683573,-0.878662848,0.4154514534
0.2109364944,-0.335905949,0.01288296213,0.9258635863,0.4812532806,0.09473409253,0.2050548164,0.09455848569,1.104206382,-0.317654762,0.3091877679,0.7508691229,0.3872979592,-0.06924073633,0.1606637712,0.07676249222,0.1078141084,-0.6208360391,-0.1579900743,0.4961251737,-0.08663341585,0.7139269944,-0.8712790226,0.9998054503
0.1279415479,-0.08015755792,0.05307200029,0.4457721909,0.2422574743,0.476888913,-0.1584733067,0.4108956734,0.8772064405,-0.3544340985,0.5605319455,0.4380986397,0.4571770925,0.018333624,0.1539021177,0.09112206355,0.1230990442,-0.6359637897,-0.1434121443,0.266684545,-0.1198532339,0.6325824142,-0.638292145,0.7295921646
0.1279415479,-0.1650290141,0.02999525522,0.5242096835,0.137770756,0.2912061364,-0.2532207136,0.1835554214,0.7958904845,-0.3652572092,0.529996879,0.260305629,0.5143034724,0.07877985464,0.1618877221,0.1181980182,0.1368268818,-0.7445818883,-0.1283467925,0.2291025315,-0.1151816351,0.6934232695,-0.575664012,0.1050917578
0.1279415479,-0.2971687036,0.06153170094,0.825066846,0.03732520117,0.1342474617,-0.3319659296,-0.4876533622,0.8478357585,0.04606751379,0.7901502014,0.6394633868,0.5626310925,0.1523361259,0.1727714952,0.1460588711,0.1531491114,-0.6514640289,-0.1175108818,0.229132523,-0.0859316494,0.6735523188,-0.4629250583,0.2401506753
0.361909518,-0.2663527781,0.03973230606,0.7693162947,0.2494635011,0.1754910314,-0.0004231148588,-0.2559792978,0.908412853,0.5882484806,0.9136255204,0.9485953392,0.6558708891,0.2226042252,0.1915809254,0.1760993353,0.1837576562,-0.7389620704,-0.1169220893,0.2495398812,-0.03964479869,0.7296401598,-0.8935317249,0.539435143
0.361909518,-0.1773056105,-0.03092849688,0.8828636625,0.9528577437,0.7330540173,0.8680463919,0.7763818054,1.120937842,0.784874745,0.8424443201,0.7483824839,0.6940939178,0.2838231172,0.2078255936,0.1928462015,0.2205264831,-0.8236127578,-0.1045496175,0.2279929792,-0.0007105035941,0.8645345924,-1.196360831,0.1679024011
0.361909518,-0.3343695349,-0.1980621917,0.8786320338,0.6940355449,0.7279416355,0.5012268179,0.06078867846,1.217361125,0.5697847675,0.985559258,0.8955457286,0.7475708618,0.3627971913,0.2339125585,0.2144947176,0.2497631173,-0.8801547998,-0.09011044314,0.2470074598,0.02923503694,0.7893418373,-0.8205091409,0.4159756682
0.5394641032,-0.3175087847,-0.2230532223,1.034565838,0.8190139112,0.832592311,0.528689747,0.9863559885,1.257166284,0.7712934639,1.083939689,1.205099836,0.7851863774,0.4364671319,0.2475123281,0.2307561353,0.2729849243,-0.9190593772,-0.07133834549,0.243482728,0.08555421235,0.635392493,-0.8348539977,0.5491357234
0.5394641032,-0.2034604341,-0.09812217813,1.14019398,0.6640110609,0.8941248287,0.4621677154,0.630719804,1.06849282,0.4649250735,1.040232832,0.7780780741,0.8365995277,0.5104989457,0.2762487799,0.258175635,0.2879239584,-0.8161723185,-0.05547096686,0.2497674021,0.1354582242,0.5372673924,-0.7369969533,0.3002039354
0.5394641032,-0.2357783003,-0.0228611684,1.045291695,0.7539742951,0.8658063143,0.3801937454,0.5390667861,1.463196176,0.3678018424,0.9400220369,1.022103549,0.958832736,0.577562844,0.3041108324,0.2878537914,0.3013055847,-0.4322985646,-0.0403903275,0.3007498919,0.1770788398,0.4171784064,-0.2135863859,0.3825421272
0.2642386975,-0.08687975722,0.07297665601,1.129629718,0.5999997934,0.9651593238,0.3745169058,0.6373433452,0.9877193039,0.192005677,0.8885379598,0.7182039143,0.9657427328,0.5834864258,0.3319628747,0.2977923265,0.3334562409,-0.1898350076,-0.03312144636,0.2661415977,0.2021935712,0.04740327588,0.2828380132,0.6720072892
0.2642386975,-0.03058047819,0.2140885584,0.8752446691,0.2358661979,0.3530082074,0.0516833234,-0.07668503909,0.7850404455,-0.0359656195,-0.02403774416,-0.05837609186,0.8732619035,0.5391447995,0.3706722938,0.3089026501,0.3332817762,0.04815197995,-0.01360407109,0.3153941322,0.2231663836,-0.0316153334,0.4217820393,0.3812634726
0.2642386975,-0.1728815851,0.1472573747,0.2728402656,0.2865612384,0.1933577654,0.128512882,-0.5668572833,0.9010760707,-0.01180629395,-1.654491494,0.1760977525,0.568936508,0.374395112,0.361953309,0.2667918457,0.3204998075,0.05220790856,0.01846028929,0.4555265252,0.2608133764,0.0271730642,0.2048510536,0.882336056
-0.000384475816,0.1395017192,0.136667855,-0.4652807041,-0.4731363001,-0.1334182379,-0.2490541457,-0.2450014942,-0.7172007583,-0.2304381016,-0.112061587,0.21574446,0.5059241739,0.3991731227,0.3370526627,0.2676709215,0.3001446704,0.0304975857,0.02449218501,0.303323952,0.2427533198,0.09543670749,0.1309208301,0.5624704595
-0.000384475816,-0.07296802866,0.1805588823,-0.2522356096,-0.4332301944,-0.7107172803,-0.1981354961,-0.756099383,-0.4167524732,-0.339381405,0.08436364632,0.2409706819,0.4395252555,0.4072885041,0.3326291051,0.2878646488,0.2950781086,0.09485061252,0.03499123542,0.2929730632,0.2485526501,0.1153295238,0.178002589,-0.2235595195
-0.000384475816,0.08699936427,0.3253911217,0.09882965542,0.1098836024,-0.03096104347,0.1869355489,-0.4654231917,0.2578878175,0.301493413,0.7721292991,1.048817665,0.3982162509,0.4413651451,0.3279946533,0.3034400334,0.2747229715,0.02944891414,0.03784765166,0.2814569194,0.2481577033,0.09267604269,0.1933987388,0.2421404375
0.2453410519,0.07871729028,0.3187221342,0.170817174,0.2441995267,-0.3822033748,0.5140836168,-0.208795585,-0.08997886478,0.598585706,0.5814290814,0.66463442,0.3985590266,0.4715866731,0.3311952545,0.3210580044,0.2645750901,-0.118565803,0.04027126902,0.294595078,0.2520894202,0.2701219648,-0.09961819041,0.3687082555
0.2453410519,-0.05433700919,0.06515037271,0.06372849378,0.1810376813,-0.1601552867,0.4540622694,-0.1005934398,-0.1108180419,0.6568251883,0.7402894296,0.8015752831,0.3986618566,0.5073384529,0.3389201171,0.3335894216,0.2589835606,-0.3589528355,0.05530455949,0.3023702118,0.2650190269,0.4248848906,-0.4065827336,0.02063111662
0.2453410519,-0.1896209516,-0.06843127038,0.1788701001,0.5656777899,-0.08611296042,0.7260416739,0.3016485415,0.3260204047,1.009135623,0.8581128432,1.312049018,0.4013479872,0.5456242721,0.3482602107,0.3394067393,0.2419787614,-0.385436279,0.07082380415,0.342317974,0.2850759672,0.4545857302,-0.4629250583,0.2177343373
0.4783279958,-0.09409498712,-0.08988187998,0.3626624281,0.4956419188,0.2320317114,0.619647684,0.4626274038,0.3101643752,0.52573783,0.8162097623,1.180225717,0.4206760118,0.6112533206,0.3625216504,0.3469408265,0.2298996054,-0.4857822772,0.1048705373,0.319195962,0.2882378673,0.4547651359,-0.575664012,0.3553753296
0.4783279958,0.04680549581,-0.007404664014,0.5661783917,0.4169265738,0.1204966901,0.5403549734,0.5508158358,0.1852811093,0.4970761986,0.9264800515,0.9171746656,0.49543379,0.6908483326,0.3914534401,0.3713828312,0.2316432894,-0.4679519019,0.1238621898,0.344318303,0.2939626214,0.5654509167,-0.5392118019,0.1196038796
0.4783279958,0.0533014902,0.09872650789,0.6396127084,0.3330713616,0.5108558852,0.3096104726,0.412182668,0.4421732605,0.2623510586,0.7516261917,1.385666252,0.6351086656,0.7544264974,0.4166033859,0.3892473132,0.2425995152,-0.6115312556,0.1439159401,0.387267348,0.3107824118,0.6226772435,-0.7782176539,0.06614808485
0.5357484433,0.1035109646,0.209484851,0.7809361982,0.3570800267,0.5516967882,0.3208416654,0.6451543171,0.4493992326,-0.09451194551,1.090666601,1.261940142,0.7170693299,0.80448196,0.4507493563,0.4088567884,0.2422505692,-0.6585550902,0.1539714846,0.3876165311,0.3068372959,0.7245907003,-0.7369969533,0.7523422407
0.5357484433,0.1535344827,0.361821335,0.7217516258,0.02075407579,0.3934736835,-0.04110070352,0.2276924333,0.2047706776,-0.3438926358,0.9073555083,0.8511202864,0.7588395385,0.8409643484,0.5070676692,0.4328435952,0.2410289523,-0.6495210798,0.1788664515,0.4455964653,0.3204478942,0.7651008214,-0.7992260835,0.8557283296
0.5357484433,0.260940202,0.5384520079,0.6404922257,0.2871068694,0.4483670981,0.02323858439,0.04718484133,0.8940734772,-0.2998309989,0.5430448114,1.249116439,0.5731633146,0.744682475,0.5112958224,0.407541126,0.2413778286,-0.6624570446,0.2192879014,0.5913167101,0.3520558285,0.8061495321,-1.100303821,0.9588593042
0.4601897453,0.415222707,0.4092107714,0.276569875,-0.3506745925,0.2802889072,-0.2490541457,-0.4650051695,-0.2520529806,-0.4942069408,0.4741373569,0.4179645691,0.6492365116,0.8506372129,0.509021673,0.4226070472,0.2651160057,-0.4829309671,0.2355172197,0.4802721597,0.333454535,0.8152505478,-0.7782176539,0.8745994514
0.4601897453,0.2762955819,0.4275395453,0.5737385092,-0.1695206024,0.3113030883,0.004676114093,-0.3914162076,-0.2023461663,-0.2718166058,0.5052080179,0.5101406093,0.716409511,0.9176634385,0.514854072,0.4484216814,0.2885099531,-0.5670092954,0.2456371523,0.4678545941,0.3364209231,0.7638572737,-0.9160927886,0.09740964197
0.4601897453,0.3804189817,0.5730354586,0.8722792199,0.4777069978,0.9592352402,0.5756985573,-0.06813447384,0.5003330826,0.508455338,1.175841732,1.742013083,0.795320231,0.9905463317,0.5296397256,0.4787701782,0.2876374571,-0.6075738581,0.2532091668,0.4923164879,0.3499628794,0.8246109329,-1.160771858,0.3651510846
0.6728161083,0.3791397698,0.4940262697,0.9376159748,0.3328033477,0.67695367,0.5864400856,-0.3286269817,0.1441947911,0.7610808438,0.8451774258,1.109830929,0.8846694731,1.063413322,0.5493454215,0.5059006416,0.2949492475,-0.677285786,0.2651002065,0.4891044078,0.3463351653,0.8372037633,-1.066732927,0.7400639342
0.6728161083,0.1863814,0.3031062681,0.9810754516,0.612543907,0.7359465821,0.7722464636,0.2695774092,0.3956304622,0.8424845972,1.023649867,0.8447683942,0.9500046469,1.135581592,0.5706344671,0.529261662,0.3407479752,-0.5593780464,0.2799095438,0.5019444581,0.3584185622,0.695978254,-0.7712746553,0.4018503702
0.6728161083,0.1715670274,0.1671635933,1.045291695,0.5425417744,0.85835381,0.5782112242,0.5529756464,0.4721777559,0.5439258967,0.9192473614,0.9637021542,0.9969450974,1.182619108,0.5836772713,0.5444638834,0.3480597654,-0.5797815781,0.3014862857,0.5210376265,0.3762725993,0.71108129,-0.6836108359,0.4443322885
0.8275167199,0.06764711058,0.05065078173,1.095785488,0.5644523284,1.131049713,0.5590901216,0.6699681471,0.5722014753,0.6221998379,0.9725992895,1.330949224,1.040397102,1.251942074,0.5977362768,0.5605209759,0.3564136005,-0.6402441416,0.3325244773,0.5265672933,0.3855221406,0.7277486517,-0.9236831553,0.6228872794
0.8275167199,0.2322617618,0.1852048489,1.158031428,0.7077589121,1.146781254,0.6824263131,0.5751103793,0.7287755679,0.592856208,1.106136027,1.419909853,1.112352815,1.32486183,0.6289970436,0.5947759996,0.3806679944,-0.6419030796,0.3456980503,0.5600841955,0.4059533784,0.7764836516,-0.7851903871,0.4937293257
0.8275167199,0.2727911042,0.3031062681,1.13735151,0.5997579655,1.335799129,0.5872725917,0.4894543346,0.6767805527,0.5578437871,0.8744316177,1.371544026,1.211747006,1.364243392,0.6551392165,0.619434253,0.3860677526,-0.728907723,0.3687164443,0.5909250675,0.4323896479,0.8001783927,-0.9857146848,0.5266005394
0.8249595389,0.2933349858,0.3337076331,1.14911906,0.513703802,1.108157172,0.4362964063,0.7067002751,0.6704107863,0.3585947701,0.994423579,1.338212241,1.258955149,1.386592785,0.6929906047,0.6418690318,0.3928582872,-0.7186093552,0.3837578344,0.59544643,0.4424679622,0.8536326523,-1.251246839,0.8585309844
0.8249595389,0.2985629455,0.3994641369,1.101507004,0.370058669,1.210899596,0.2415840206,0.9311598083,0.5255085109,0.1837372103,1.058213452,1.548034507,1.247478656,1.37831356,0.7522935956,0.6618042519,0.4058936344,-0.6977181611,0.4019510391,0.6385242775,0.4679960548,0.8491981567,-1.050203539,0.6670115093
0.8249595389,0.4434312556,0.6456070269,1.040756077,0.7285541351,0.8986017718,0.6195311085,0.4562838351,0.9606933875,0.2408257634,0.7603209049,1.940150537,1.088505186,1.244592235,0.7580811477,0.6352064142,0.4097274416,-0.76937732,0.4292563482,0.7359518155,0.516582445,0.8146556799,-1.125944205,1.464840302
0.7248931642,0.6509242225,0.6178915642,0.7442818118,-0.1675698996,0.6936000099,0.003317871715,-0.1028436269,-0.211640016,0.03405950019,0.5308216865,0.7791686961,1.145167175,1.307309834,0.7508999862,0.6528372444,0.4205102952,-0.7589062638,0.4370788394,0.6307011447,0.5057228203,0.8379843093,-1.214451359,1.29908853
0.7248931642,0.4864028001,0.6586248308,0.7529257116,0.05528298047,0.7911357387,0.119044692,-0.2002876862,0.2000171684,0.1279365602,1.012731217,1.074832269,1.205158537,1.365637487,0.759378207,0.6912173837,0.4331992943,-0.7766755424,0.441195181,0.6172568878,0.5205343428,0.7752913597,-1.232745155,0.3736484579
0.7248931642,0.5289062902,0.6795410783,1.048588263,0.3626502479,1.038548757,0.3746522976,0.2395679576,0.5117644758,0.8152891808,1.015611257,1.36367195,1.220276169,1.373651976,0.75771558,0.7077132212,0.4405110846,-0.8246562409,0.448813418,0.6084440934,0.5418820708,0.7889561338,-1.269961191,0.6251438783
0.9130963475,0.4160677126,0.6420930611,1.108855559,0.360794835,1.012072712,0.5565479169,-0.0448245308,0.1074867093,1.097481409,0.9130249274,1.214603524,1.272092076,1.428776511,0.7768913272,0.737161449,0.450600278,-0.9086957587,0.4500463188,0.5920960332,0.5476279385,0.793049941,-1.308047857,1.014741387
0.9130963475,0.3740187248,0.4898127201,1.076129046,0.673195979,1.193270596,0.7561315201,0.429508866,0.4932177872,1.134186703,1.082951593,1.467603706,1.315393179,1.479024314,0.7884779556,0.7552762435,0.4561739433,-0.8985298823,0.4529636004,0.5979653311,0.5659718925,0.7193031669,-1.251246839,0.6162280991
0.9130963475,0.2569818899,0.3370281253,1.130036366,0.7315441702,1.148813583,0.5896488509,0.7784009953,1.034069155,1.004676924,1.01352819,1.348217709,1.338155783,1.531833052,0.802423892,0.7684116989,0.4584403933,-0.9276000055,0.4608631642,0.6179639422,0.5864778112,0.6895639921,-1.459376276,1.016894248
1.009040397,0.3697460476,0.3008691238,1.1499298,0.5489617507,1.121682249,0.5576379165,0.782147693,0.4848971931,0.8204332932,1.109157059,1.364492707,1.362023851,1.575233898,0.815622212,0.7793782498,0.4572187765,-0.93507827,0.4870564938,0.6123714557,0.6010419028,0.6497306383,-1.397147146,1.148069994
1.009040397,0.4008295452,0.4243127631,1.31671531,0.9318754542,1.491232709,0.8217230183,1.337000715,0.8940734772,1.081635988,1.233602802,1.541147876,1.398925461,1.628581566,0.8355370475,0.8028366722,0.4652253323,-0.8873351522,0.5014322011,0.592881399,0.6189697582,0.4985925219,-1.083431849,0.7126125355
1.009040397,0.5354674279,0.5477802902,1.268377932,0.6412626281,1.288372319,0.6365792549,0.8273525921,0.5822318787,0.9982084349,0.7288349182,1.41039359,1.465816498,1.670488012,0.8544444307,0.8261308516,0.476008186,-0.5094996851,0.5212550119,0.6271450234,0.6417780395,0.5359236175,-0.5212872461,0.7223881223
0.9575491056,0.4697709764,0.5699538004,1.24446776,0.5246800818,1.244544831,0.5792869022,0.4527897444,0.4789410543,0.7297713591,0.8125626541,1.135370399,1.47076288,1.689864414,0.8812262933,0.8448521476,0.4911201795,-0.7370916841,0.5313768242,0.6170761352,0.6466589306,0.5185613986,-0.827665771,1.072392627
0.9575491056,0.4438507381,0.5965622942,1.169356111,0.5492083561,1.406014543,0.5275802984,0.8711141208,0.5196252106,0.6725798617,0.8326408466,1.492354146,1.414106589,1.657690258,0.9272523173,0.8579034815,0.495824133,-0.5671433912,0.5380620929,0.6546922748,0.666948404,0.575350592,-0.8493263659,0.8311893605
0.9575491056,0.5186323763,0.7409858252,1.087193392,0.6557404297,1.01604606,0.666984181,0.2253122674,0.7937233257,0.5236947262,0.7298336396,1.702322493,1.265111372,1.533158114,0.9226003024,0.8324449541,0.4856762517,-0.481636023,0.5552684829,0.7540751816,0.6974110679,0.5825490186,-0.969983831,1.383342267
0.8134367236,0.6469443795,0.7253692707,0.7873823877,-0.1024201736,0.9173847277,0.05859480763,-0.01289899884,-0.2229255615,0.2764679061,0.2410642509,1.018076716,1.302432641,1.606798551,0.9077448577,0.8467990024,0.4793845188,-0.6653876304,0.5621803757,0.6455357972,0.6810613383,0.6554844341,-0.8712790226,1.427478376
0.8134367236,0.6089320415,0.7940872413,0.9952181328,0.2050797667,0.7135733075,0.1987358555,0.2578079964,0.3988895299,0.3494561523,0.330440821,0.8283488432,1.321809292,1.653727339,0.9052389192,0.873296603,0.4785120228,-0.7075018546,0.5673397707,0.6324519139,0.6853315981,0.7548148556,-1.083431849,0.5218244524
0.8134367236,0.8301231466,0.9930630568,1.207627109,0.5501945437,1.048068882,0.6644907947,-0.118637407,0.5137314138,0.9810444571,1.141104536,1.315683233,1.316883623,1.713055375,0.9079948512,0.8946170211,0.4839117804,-0.5521704964,0.5810705291,0.6390551613,0.6962726083,0.7771903246,-1.241969716,0.8922953731
0.964402469,0.6975823744,0.9106339688,1.187916565,0.3303899762,0.9908812543,0.5898862873,-0.4474951796,0.07486066132,0.9978661565,0.7730921058,0.9147193532,1.347267252,1.778866008,0.9227155229,0.9154998244,0.5067892559,-0.4610102811,0.5929884365,0.6449541542,0.6934223818,0.6954385403,-1.151994852,1.085169139
0.964402469,0.5387438644,0.7013060059,1.079819336,0.7669318108,1.227987734,0.844235681,0.6116796076,0.4975678441,1.41646176,0.9368937678,1.198951238,1.367662482,1.802473564,0.9268708066,0.9272031296,0.5239754271,-0.2990191007,0.6165305461,0.6480009849,0.7089196283,0.5763276871,-0.7167714671,0.7069611731
0.964402469,0.5685149456,0.634046451,1.036629932,0.3509655652,1.060408221,0.4997223513,-0.01216864487,0.2352889519,1.055920117,0.8685667808,1.73802875,1.377785168,1.810796683,0.9318324789,0.9343180659,0.538914461,-0.300220213,0.6364384408,0.676194925,0.7236728341,0.5184644296,-0.9313090741,0.8220047332
1.137701664,0.4316674008,0.506109055,1.05929013,0.6082085689,1.042633075,0.6335768288,0.7746501018,0.4940091329,1.065931418,1.052210627,1.818282311,1.403257074,1.850694441,0.9416547437,0.9442700934,0.5559278781,-0.2661007244,0.6644560587,0.6771426518,0.7295411283,0.5173102836,-1.178469105,0.9093359329
1.137701664,0.5754154527,0.6446034349,1.227275756,0.770104491,1.199539725,0.756774884,0.7993860393,0.7346660806,0.9449390467,1.282462819,2.191970799,1.420107315,1.869122683,0.9552122893,0.9573287623,0.564108082,-0.2811925448,0.6794594018,0.6843690176,0.7393235906,0.6006123482,-1.196360831,0.6642843982
1.137701664,0.6265838011,0.7429324849,1.205216907,0.4989124011,0.9346154593,0.5653681692,0.4128259799,0.4389566368,0.8185062762,0.9642912495,1.204800018,1.488431079,1.885509845,0.9706529669,0.970577998,0.5773165774,-0.2890727313,0.7005569715,0.7188620782,0.751630754,0.6415898032,-1.337209186,0.6851060256
1.085947299,0.6421632038,0.7864185784,1.195164391,0.7478138808,1.317775254,0.5613868154,1.309798533,0.9358680957,0.768695112,1.217742388,1.65094948,1.506953678,1.872509074,0.9911794744,0.9777496174,0.5701491952,-0.2882357407,0.7144343089,0.7116034292,0.7546559397,0.6092451064,-1.42796442,0.963695857
1.085947299,0.817946487,0.9993501836,1.163696332,0.5949166714,1.366276256,0.4862460522,0.7740726682,0.8128175529,0.5894968682,1.152296009,1.411434937,1.480731933,1.810291113,1.036412863,0.9869937024,0.5708468782,-0.1989213509,0.7302376666,0.7730529148,0.7645604999,0.578319092,-1.469983029,0.8424148093
1.085947299,0.7773377377,1.012333902,0.9010271245,0.4923673117,0.9442087918,0.5419448226,0.5744974968,0.4292879307,0.404535465,0.7920010438,1.783253376,1.299087786,1.665148891,1.036823944,0.9518627962,0.5800686077,-0.2736943279,0.7586193029,0.910997331,0.7843289352,0.6312143377,-1.591459267,1.406800294
0.9538528096,1.071005625,1.066378806,0.7021886525,-0.07593265215,1.297022524,-0.06997534634,0.5387570433,-0.06833210315,0.4441147517,0.9813821957,1.40875515,1.345962608,1.720369321,1.009123437,0.9546915012,0.5917181494,-0.3401939242,0.7696970725,0.7693552328,0.7593939381,0.6733798308,-1.448838177,1.607083396
0.9538528096,0.9068687118,0.9921638749,0.8824406284,-0.168219971,0.8116988156,0.03227463175,-0.2438274322,-0.2072344067,0.4779789437,0.5569365942,0.6726521066,1.37809408,1.747515323,1.005246052,0.9776283619,0.5971179071,-0.3560006617,0.781198627,0.7673889431,0.7588994883,0.5932094338,-1.223572563,0.5099393504
0.9538528096,0.8626608834,1.042128537,1.032088027,0.3639747316,1.141547966,0.3712641387,0.4470642673,0.470982794,1.015519144,1.253609655,1.166395124,1.402888335,1.780916032,1.006713128,0.993901111,0.605124463,-0.3092475413,0.8009000091,0.7954362182,0.7791618007,0.5685573623,-1.125944205,0.6425352244
1.170624429,0.8418831621,0.9993501836,1.212846032,0.5639619818,1.436984333,0.6742161534,0.320546487,0.3968529894,1.43516665,1.408288523,1.5896606,1.444306788,1.833706415,1.013955074,1.012474034,0.6139990866,-0.3238827469,0.8124561521,0.7736157429,0.7775939785,0.5209417955,-1.269961191,1.104005947
1.170624429,0.8190896643,0.900004051,1.203609589,0.7223330378,1.373474073,0.8441340478,0.3678190619,0.4453867552,1.473013661,1.357692171,1.448625345,1.458843541,1.829530277,1.013998738,1.018974951,0.6192249196,-0.1708522474,0.8318352709,0.7966833024,0.7936753336,0.5372718881,-0.9857146848,0.8852951752
1.170624429,0.7615165378,0.7878578695,1.10518236,0.7031150453,1.121095661,0.6504801061,0.2899914806,0.9188657852,1.288280561,1.217133115,1.468302147,1.467411219,1.832165352,1.017789332,1.029845975,0.6300077733,-0.07733508768,0.8580488394,0.827263056,0.8158338615,0.3912632809,-0.7574768549,0.8013402729
1.279883706,0.7343555948,0.7194931293,1.171780165,0.7028826338,1.646427752,0.713981239,0.3468913543,0.7287755679,1.204771961,1.166757847,1.656016916,1.475438399,1.83867323,1.018519263,1.03256871,0.6364507176,0.003189890983,0.8845729571,0.8048396449,0.8196713676,0.3251799571,-0.7712746553,0.9658207239
1.279883706,0.8335409972,0.7907344886,1.329726262,0.8232333296,1.350612357,0.8504234049,0.8736376344,0.5876202769,1.325001292,1.351138982,1.553368557,1.48720853,1.857466674,1.039545196,1.048208531,0.6481002591,0.08881907381,0.9006183536,0.8174953964,0.8310103159,0.4033306636,-0.6640338781,0.7305002269
1.279883706,0.8225171882,0.8660270454,1.213648557,0.6940355449,1.156348369,0.7688445954,0.8082578779,0.3988895299,1.061461054,1.209577152,1.395433178,1.552099021,1.901893766,1.062026676,1.0654374,0.6800796365,-0.06160303466,0.9210707484,0.8312276213,0.8407668369,0.4935671964,-0.7643611387,0.7293958084
1.216340685,0.9328589602,1.008310172,1.290611955,0.9267632,1.706261671,0.6209294669,1.002037757,1.436536015,0.7528901935,1.208881328,1.561785364,1.586129019,1.896041198,1.08356337,1.073623197,0.6944996892,-0.09162570561,0.9370637418,0.8180789068,0.8470594735,0.5065977376,-0.878662848,1.103059001
1.216340685,0.9938096848,1.144468062,1.299720947,0.7077589121,1.196976906,0.544387734,0.5539008534,1.08772031,0.4716005972,0.9912379601,1.336199638,1.550979439,1.847390916,1.125193095,1.08448838,0.6960690833,0.03960197058,0.9568762502,0.881874159,0.8670303242,0.4734063701,-0.6901891508,1.513760649
1.216340685,0.9919876575,1.224856387,1.103140762,0.6865619113,1.053794387,0.4838414249,0.9009935263,1.046810944,0.1099209344,0.451791303,1.742789987,1.383664086,1.719794907,1.12319705,1.055065293,0.7122184738,0.05801998445,0.987893034,0.9840006319,0.8910227905,0.4222684072,-0.8493263659,1.624343691
1.132177874,1.370995009,1.29631659,0.7744833606,0.01439891322,1.373074716,0.07737115395,0.6496523749,-0.1437647029,0.0406546906,0.5126349423,1.418528578,1.422677581,1.779382358,1.092119552,1.061105943,0.7252538209,0.143271796,0.9980263097,0.8741039199,0.8834421962,0.3789877189,-0.5332149969,1.631617249
1.132177874,1.397694534,1.478442843,1.015130005,0.05975308529,1.06730476,0.2012964686,0.143014898,-0.1108180419,0.6727016128,0.9002386815,0.9293057664,1.472994493,1.820779233,1.100579812,1.098093689,0.7381160023,0.04846421508,1.008184807,0.8854795856,0.8932769721,0.3309183806,-0.7034260587,0.599989462
1.132177874,1.198901632,1.295908129,1.003522449,0.3077563377,0.949227254,0.6004174988,-0.1833364486,-0.1557834611,1.267088966,0.8276233823,0.7353485225,1.478252208,1.815689643,1.089960131,1.10825428,0.7478582622,-0.02593024239,1.018150646,0.8658610845,0.9011412274,0.3220215479,-0.8205091409,0.693429476
1.147799389,1.018867168,1.231533586,1.078179476,0.6168720182,1.190558796,0.8495119313,0.09880002694,0.107041947,1.506578739,0.8634072309,1.251018562,1.472309904,1.8226238,1.096902903,1.125593608,0.7454141727,-0.0550779738,1.022027129,0.8632583351,0.9082312838,0.4396472772,-0.9466689117,1.127541783
1.147799389,1.053823016,1.110865798,0.9468345332,0.7191014056,1.317911239,0.9524726935,0.1040944113,0.1455139814,1.433071838,0.8980468693,1.252107419,1.442615885,1.825680132,1.096553148,1.135459181,0.7328079337,-0.05182200635,1.032883922,0.8425743779,0.9181149275,0.4809855183,-0.969983831,0.7032790387
1.147799389,0.8494515038,0.9134011261,0.8370099136,0.6656620303,1.028993679,0.8742447378,0.3029781975,0.1389127557,1.353928896,0.2978506865,0.9717196432,1.413552104,1.805443666,1.093768045,1.143259739,0.7237125749,-0.09173596003,1.045739231,0.8518626681,0.9301146646,0.4940713804,-0.969983831,0.7957404254
1.246373721,0.9740866243,0.8721045149,0.781796074,1.030013629,1.500122917,1.039447416,0.9825597085,0.7416474493,1.282559629,0.669144914,1.26462347,1.397722185,1.809284304,1.094138624,1.146260956,0.7177709786,-0.02121321891,1.060253106,0.8385124822,0.9340873305,0.5451261158,-0.9389708798,0.9028290709
1.246373721,0.893808384,0.9714118314,1.026302649,0.7294745127,1.229676326,0.7871523298,0.6180383737,0.4884657285,1.095368259,0.7590955354,1.058924103,1.392681835,1.812935058,1.111037497,1.162883545,0.7162001712,-0.0511713364,1.068126717,0.8541871135,0.9433651651,0.5902899452,-0.9936374776,0.8828145275
1.246373721,0.944313853,1.059343336,0.9602191461,0.6642469779,1.434255007,0.7453714032,0.8511394588,0.2933911874,0.8571699956,1.050620755,1.278140366,1.419095297,1.826855023,1.126282272,1.176866338,0.7144547427,0.1678682766,1.077450559,0.8838372747,0.954670075,0.6022351362,-0.7437950037,0.7567483295
1.204408178,1.147404595,1.242769498,0.9409697496,0.557087388,1.310557881,0.5900049925,1.05396338,0.2790667094,0.5101737578,0.9925761557,1.369855488,1.406370795,1.773511128,1.139664858,1.177881523,0.7174179697,0.1611215902,1.085325,0.879624431,0.9602453469,0.510719776,-0.7851903871,1.071697835
1.204408178,1.230916979,1.388491915,1.076539186,0.1903981233,1.103583931,0.3499621678,0.4740156391,-0.1456847682,0.266330553,0.7607491996,1.263584229,1.361175305,1.698497183,1.181490568,1.184579192,0.7328758305,0.2736259988,1.096841,0.9280351075,0.9727473658,0.4921955307,-0.7506215576,1.128798712
1.204408178,1.154403495,1.341330968,0.8220775138,0.5727740831,1.06460829,0.6185982056,0.7947978149,0.3870600803,0.3680819857,0.2084441917,1.859868832,1.184970347,1.48151083,1.174809461,1.145893558,0.7351422802,0.3631133684,1.113559413,1.012787342,0.9918708509,0.401897704,-0.6129510777,1.375281952
1.046870914,1.610250596,1.415746777,0.4075509672,0.0784439356,1.07373504,0.3166389908,0.8065425808,-0.6510782442,0.2633588724,0.1767447074,0.8729322234,1.214963209,1.46605126,1.136100588,1.143475068,0.735839963,0.3686838486,1.111114602,0.9108850854,0.9812382756,0.3583028867,-0.2483874512,1.518451047
1.046870914,1.360396501,1.421248207,0.7182782313,-0.1617265695,0.8330838359,0.1471310149,-0.04224452263,-0.6538770855,0.118788581,0.1904096557,0.05852347278,1.217288047,1.422827268,1.124116802,1.158367331,0.7381064127,0.5580382584,1.105013343,0.9010766549,0.9832445153,0.4051376762,-0.2584687881,0.6426175468
1.046870914,1.127036508,1.349373997,0.7654381931,0.7619383242,1.194839294,0.8361871612,0.9328124744,0.3677977969,1.014541635,0.6880789817,0.6673245875,1.201389055,1.39179442,1.125322661,1.171873646,0.7537371818,0.8214783257,1.090761602,0.891062792,0.9902589183,0.4122726864,-0.2584687881,0.7223640863
1.002559835,1.052387711,1.349373997,0.7865232794,0.5600358716,0.8006083019,0.9186401265,-0.2677812949,-0.1543388992,1.077854962,0.33618018,0.4910444774,1.145085054,1.352511395,1.116904773,1.170032555,0.7803985718,0.6535028355,1.086817424,0.8599644385,0.9878480738,0.5144032453,-0.4010542709,1.072740942
1.002559835,0.9310082437,1.124694549,0.6497197005,0.8354089233,0.6980901305,1.139268884,0.3169078085,0.0350974187,1.338804381,0.2672249258,0.4103941874,1.080150183,1.299242447,1.109175687,1.162717935,0.7927411538,0.7992731438,1.088008074,0.856233557,0.9952919181,0.5455359802,-0.4065827336,0.6058306572
1.002559835,0.7626763642,0.9975551364,0.5901613737,1.240119837,0.9341427425,1.281440847,0.8466216321,0.8400067783,1.369758258,-0.02120677987,0.4082764636,1.012521178,1.254058916,1.098932696,1.153742366,0.8021364108,0.7403519415,1.083875151,0.8568948704,0.9986621753,0.4898455821,-0.3521251251,0.7410460397
1.01856902,0.7619031849,0.8907315194,0.4900705131,1.084958123,1.127687161,1.174782043,1.065893828,0.5329456812,1.286037681,0.3722672136,0.587877392,0.9459705704,1.211263353,1.084950064,1.13962025,0.8099693012,0.9583470257,1.087322967,0.8321522065,1.003240999,0.4419023588,-0.294253321,0.8688105189
1.01856902,0.8399887809,0.9989015173,0.640931938,0.703347436,0.5117828156,0.8995923106,0.846056475,0.04236279012,0.988303933,0.3088323805,0.3424952383,0.895991283,1.164511581,1.079795285,1.140854542,0.8165860496,1.13273951,1.081351567,0.824732163,1.004303434,0.3397319445,-0.1699081291,0.6256559212
1.01856902,0.8859511542,1.036369389,0.5197283155,0.8609026686,0.6487951133,0.9028314038,1.013885486,0.4983581485,0.8791065533,-0.1563488129,0.2502896915,0.8867150454,1.111630193,1.072775784,1.132882398,0.8423881795,1.340790165,1.079160107,0.8203010196,1.014241911,0.3014897372,0.2572551862,0.6558369025
0.9073908162,1.143900432,1.237364596,0.567513194,0.8889625652,0.8067387562,0.968094228,1.170115158,0.4106767703,0.8833811764,0.2139008324,0.1444246128,0.8353311847,1.020762893,1.07086651,1.122084693,0.8808643425,1.270089139,1.080706463,0.8314536632,1.022807786,0.3285406693,0.1348967312,0.7942224319
0.9073908162,1.138287218,1.302029505,0.461176552,0.493375323,0.6140987554,0.5988834499,0.7514747573,0.1490292488,0.6114112213,-0.1936508902,0.1853685268,0.750245283,0.9179900759,1.091897251,1.116538234,0.8980505133,1.264860318,1.085976202,0.8762755657,1.030863842,0.3232099952,0.2199965647,0.6112156903
0.9073908162,1.121398966,1.327206269,0.2307282514,1.103747966,0.1053731241,0.8625281502,1.556627236,1.173207522,0.6014732358,-0.6562176943,0.5895214588,0.5368802904,0.7175589109,1.07511694,1.070053132,0.8956064239,1.298803607,1.102783165,0.9588803976,1.060217358,0.2545154477,0.5312233158,1.250784495
0.7708266399,1.378594946,1.300806177,-0.1511171026,0.1670762895,0.1534623817,0.4674212164,0.5437094934,-0.612141431,0.2408026652,-0.4870431062,-0.4131814153,0.5181806337,0.7125832789,1.046838116,1.065985146,0.9171058934,1.383144562,1.087853186,0.8676571104,1.045110094,0.08953214046,0.4966144035,1.366105566
0.7708266399,1.220618119,1.285679439,0.2499477699,0.6607059692,0.1735920584,0.6930494888,1.293766159,0.2069291045,0.6678412593,-0.6160244268,-0.56008003,0.4878177907,0.6758565009,1.0240566,1.066607956,0.9233750165,1.344882046,1.082765367,0.859284984,1.04533427,0.142753996,0.4645003307,0.3071854392
0.7708266399,1.208913124,1.32234896,0.4471329258,1.13010341,0.5215880338,1.220077215,1.047316946,0.5895425768,1.258673867,0.1278679363,-0.03790585627,0.4602644296,0.626135259,1.006757289,1.063545041,0.9232005522,1.07355642,1.080339467,0.8383503702,1.045446776,0.3799063468,0.1309208301,0.5349412625
0.8313115215,1.366361704,1.424779796,0.4810554753,0.9822431773,0.2131823829,1.213439365,0.6240831385,0.234005136,1.306059229,-0.2275077957,-0.2871989641,0.4418113893,0.5935387658,0.9941803719,1.062044166,0.9219789356,0.9986511339,1.072330363,0.8495051955,1.044272712,0.449306722,0.03246480018,0.9224805285
0.8313115215,1.077073034,1.15345417,0.4647956025,1.196094487,0.4795175542,1.202288907,1.200505286,0.8189188125,1.304517422,-0.1290768388,-0.2151020755,0.4175916376,0.534910301,0.9821357857,1.054103065,0.9343215176,1.098132642,1.067521464,0.8409458914,1.050400219,0.4280371688,0.1068593472,0.452397168
0.8313115215,0.9557352186,0.9129401013,0.4184951622,1.038809743,0.7941308008,1.050147104,1.352099112,0.573746598,1.13113528,-0.03768551604,-0.1486225958,0.3823527528,0.4750787317,0.9709288093,1.044595299,0.9466640994,0.822840517,1.068347836,0.845065464,1.057488534,0.4065145107,-0.1227126302,0.5378224629
0.8886488094,0.8713170495,0.8406564383,0.5138977343,0.9177924622,0.5287796741,0.835778587,1.131151666,0.7788762345,0.9905899487,0.02867065862,-0.006126333385,0.3658419364,0.4169333148,0.9639490222,1.03560589,0.9414225656,0.8448322111,1.074293216,0.8394860487,1.060777572,0.5269802869,-0.1747038047,0.7312656515
0.8886488094,0.8964239488,0.8786364504,0.5994633189,0.9671722113,0.7446050368,0.8655404055,1.421592796,0.7723368614,0.8489405763,-0.1000749247,0.02944627261,0.3760133351,0.3695079389,0.9646089368,1.034425686,0.9473439948,0.8458066779,1.074011865,0.8372076256,1.066824795,0.5957019,-0.3255644919,0.330825957
0.8886488094,1.061349719,1.004729222,0.5201765967,0.7676119973,0.5626257335,0.6854525487,1.389790263,0.5082210334,0.4397624643,-0.2168467662,-0.3354852141,0.3885607236,0.3104703117,0.9664670108,1.030736909,0.9577800528,0.85022435,1.077373462,0.8741493559,1.068018552,0.6055173837,-0.2737088124,0.4200519406
0.7881773677,1.045922297,1.011440182,0.4507601061,0.3879630292,0.4235589836,0.4565109975,0.7714729846,0.08607028266,0.1806040918,-0.1459396463,-0.3506501208,0.3836944172,0.2380241065,0.9716020799,1.022957397,0.9616138599,0.8010295677,1.079957515,0.8730357862,1.070176124,0.690155035,-0.3046236153,1.655789038
0.7881773677,1.144601517,1.141467011,0.4589135819,0.7052058133,0.4578460652,0.3932298077,1.014960477,0.990103376,-0.07898704413,0.3306064835,-0.05347859126,0.3239535068,0.125757601,0.9956563283,1.01339247,0.9746492073,0.9602781091,1.091011115,0.9082212209,1.08373809,0.6752038318,-0.1843377424,0.6001792638
0.7881773677,1.222680066,1.220675969,0.2872801352,0.6945019335,0.4434243574,0.4347310514,1.277656674,0.8339443781,0.04251365411,0.1368056369,0.3053382798,0.1734922255,-0.0607962399,0.9869399997,0.9705850707,1.008853893,0.8598554241,1.121684833,1.011699626,1.109196844,0.6211411818,-0.2284101367,1.225202813
0.7862294905,1.398351476,1.308545942,0.1256237323,0.4306428696,0.6231715053,0.572702251,1.221034401,-0.2694541087,0.06494516344,-0.1229862037,-0.5527795744,0.1957630242,-0.06341795921,0.9622851556,0.968138929,1.030525672,0.7593751452,1.108690492,0.8856485079,1.085258957,0.7152415828,-0.4345101886,1.345319958
0.7862294905,1.213048309,1.265534752,0.2288500118,0.5107022002,0.2766396301,0.7052645146,0.5970997933,-0.003770098703,0.6118514797,0.1437866298,-0.7666948635,0.1991110995,-0.09368443898,0.9536609164,0.9828640767,1.031920759,0.7377676529,1.112197023,0.912277357,1.089885956,0.7738796973,-0.4514995327,0.3048365101
0.7862294905,1.471882523,1.381343162,0.4977230958,1.145828405,0.6828614332,1.192130633,0.7386596334,0.8067050039,1.340032322,0.5047669977,0.1032591648,0.1980190364,-0.1162555052,0.939375122,0.979569014,1.026679225,0.7913151551,1.11001373,0.881406439,1.094965058,0.7456799094,-0.5452307763,0.4921692824
0.8729050741,1.136531431,1.271303479,0.5421031278,0.8525788077,0.1485653807,1.055962079,0.3576985315,0.313090947,1.398176718,0.02600787879,-0.386163427,0.2137263425,-0.1200448548,0.9418012945,0.9862528535,1.005794499,0.8142003721,1.114172722,0.8897663298,1.101597923,0.7343682852,-0.5879983945,0.8864776188
0.8729050741,1.066359467,1.063302713,0.3566835591,1.237661945,0.4843922837,1.302701057,1.279891845,0.6894833568,1.445061814,0.6606568919,0.1905405005,0.2149250972,-0.1299678009,0.9372042685,0.9871426344,0.9840267661,0.8483534361,1.121159374,0.8860162296,1.116002511,0.747466232,-0.4629250583,0.4438705551
0.8729050741,1.009081219,0.9477878902,0.5026697841,1.271302382,0.5904684109,1.323157842,1.532079289,0.636482324,1.263210446,0.2862138324,0.1823893368,0.206115298,-0.1527874133,0.9361572713,0.9856141974,0.9654357669,0.8961677864,1.13881924,0.9113417953,1.1307874,0.6836036634,-0.4345101886,0.6238029557
0.9737006199,0.874699025,0.8155562152,0.5755160336,1.199360018,0.586328963,1.150771055,1.0995988,1.000640776,1.09655985,0.3994076585,0.04258091138,0.2229107751,-0.1528722689,0.9407732188,0.9869322331,0.958268385,0.7622468435,1.149500417,0.9111673686,1.12886318,0.7350925403,-0.5634223701,0.684096
0.9737006199,0.8919390495,0.8434854639,0.6264050919,1.27615265,0.8796822703,1.240947871,1.403456912,0.9045718088,1.185269933,0.7749143552,0.4572087525,0.2386832643,-0.1534104658,0.9456414903,0.99272448,0.9749362425,0.7749347256,1.159626464,0.8985924791,1.137430159,0.8195687281,-0.5332149969,0.6094301175
0.9737006199,1.121046349,1.029266783,0.6038879608,1.079133702,0.8150002778,1.076373891,1.459926195,0.6775291301,1.027936295,0.5351966806,0.2389346996,0.2696586846,-0.1544200238,0.9523454931,0.9934144856,0.9931585781,0.7910085572,1.171939166,0.9171662311,1.144227205,0.9202596718,-0.6967941525,0.6494714837
0.9199945623,1.139691279,1.116058667,0.6158188884,1.048797028,0.8064077493,0.9858999557,1.560054203,0.7265639149,0.7807575092,0.6651997008,0.2864117331,0.3098461456,-0.1664905115,0.9683950479,0.9970158135,0.9903650534,0.8730824075,1.173993658,0.9132711173,1.139073882,0.9517452972,-0.7167714671,0.9156789473
0.9199945623,1.241530655,1.188722951,0.6786320579,0.7682920056,0.6865036576,0.7386644444,0.9492944397,0.6033502133,0.6113908086,0.6666911197,0.3037491916,0.2760268393,-0.2216395752,0.99678164,0.9959520482,1.010140483,0.8617175009,1.186179679,0.9645971941,1.149580891,0.9034386678,-0.7302271693,0.8666191122
0.9199945623,1.23331614,1.24816518,0.5715158933,0.8545526615,0.5250941359,0.7436432035,1.029706723,0.8353718265,0.6682412043,0.3369443318,0.4093971007,0.148582321,-0.3482853706,0.998817436,0.9656926197,1.030088393,0.8960209705,1.224329445,1.077832455,1.165632283,0.9079563039,-0.7369969533,1.351820526
0.8819812358,1.387827109,1.251481032,0.3562234094,0.7310843889,0.8339028378,0.7905164116,1.049179277,0.3009496628,0.3961354609,0.3319830845,-0.008176204051,0.2074989825,-0.31121301,0.9791880268,0.9764263361,1.046410623,0.7867121171,1.220554568,0.960913466,1.148684887,1.03035712,-0.8133838311,1.584460087
0.8819812358,1.284375431,1.251895269,0.469316474,0.768065356,0.8343941153,0.586559041,0.5517416395,1.042122316,0.509467098,0.2720216058,-0.3859799018,0.2251172002,-0.3199528492,0.9692571937,0.9951339244,1.04658507,0.8492516547,1.224106745,0.9669932528,1.155075215,1.090595925,-0.7506215576,0.5803098195
0.8819812358,1.369340889,1.317889865,0.549246202,1.138370906,0.6880630518,1.179674766,0.8778392698,0.7661488779,1.319001071,0.7838341473,0.3439473745,0.2358741918,-0.3019108895,0.9671006238,1.010100844,1.045014263,0.9075921668,1.235755056,0.9865703149,1.177132714,1.099270878,-0.6967941525,0.5968496911
0.9542601044,1.365368136,1.370190668,0.7753441236,1.026733035,0.598906864,1.174449803,0.6355382235,0.5133381198,1.438991348,0.7754250037,0.4668141303,0.2630489867,-0.2674009679,0.9713575333,1.025881445,1.06168212,1.019880884,1.242333864,0.9990951295,1.177163198,1.096738635,-0.6705334105,1.04419621
0.9542601044,1.178106295,1.18322483,0.5603909555,0.9945281137,0.5186318587,1.347178976,0.739243204,-0.2337566278,1.595525553,0.2595675357,0.2739941975,0.2555875564,-0.2618517263,0.9665491905,1.030489178,1.107310904,1.192139604,1.250970877,0.9955824205,1.188612647,1.053910836,-0.3361368063,0.582363624
0.9542601044,1.068504535,0.9587131745,0.3230033784,1.107728322,0.7427399619,1.118943586,1.28782706,0.6961886478,1.455549313,0.6865838645,0.2750960467,0.2324202999,-0.2662147435,0.9575868627,1.030478114,1.138947674,1.268137523,1.264816472,0.9988468986,1.207706075,0.8912998627,-0.2086749774,0.6575694831
1.080333708,0.968956924,0.8538369652,0.6144943527,1.374355058,1.435944927,1.562731668,0.7572836441,0.5841573158,1.432250585,0.5928483489,0.4689692882,0.2401711704,-0.2437740973,0.957669655,1.033137954,1.155097065,1.203743763,1.27548052,0.9911333436,1.207715117,0.9667537947,-0.5634223701,0.9059318184
1.080333708,0.9857863935,0.9345359625,0.7524938001,1.327089128,1.462320961,1.283773603,0.4195733052,1.307030962,1.33491425,0.9752735783,0.8189528848,0.2582950213,-0.2176124671,0.9655491461,1.049127052,1.167093161,1.438080888,1.289640999,1.020462514,1.221238528,0.9803945476,-0.1461393755,0.6266600182
1.080333708,1.100185346,0.9899148013,0.7234876002,1.022215438,0.6999874673,1.166121821,1.386184489,0.2421275564,1.028510945,0.3716165538,0.4182958874,0.3013778878,-0.1899784965,0.9772197659,1.064014748,1.21340162,1.359665164,1.307423742,1.038845069,1.23870719,0.9679275051,-0.4121300327,0.6388217445
1.005847742,1.241188729,1.149178255,0.6768835919,1.320868047,1.063259007,1.351583397,1.388829103,0.8225025319,1.094621115,0.746624311,0.8824964502,0.3105127222,-0.1901022501,0.9915408358,1.070627935,1.223664254,1.179565418,1.308127561,1.011139493,1.235082693,1.083814355,-0.6066769631,0.919413836
1.005847742,1.318047533,1.237780686,0.7576747713,1.259136922,1.165015333,1.173037031,1.15829342,1.226565214,1.115825019,0.5820871335,0.6258742246,0.2811039507,-0.2242649761,1.028190404,1.078782013,1.197828925,1.272856485,1.313887122,1.053977992,1.238296283,1.133291764,-0.5452307763,0.8386053127
1.005847742,1.277606003,1.276239743,0.5394223712,1.134240449,0.4220245788,1.221046354,1.208123341,0.6549976873,1.050390056,-0.1467956705,0.666208671,0.1460691923,-0.349970504,1.035686401,1.0461835,1.182936819,1.280074464,1.34087427,1.156708192,1.269504722,1.127666381,-0.5094462433,1.311293232
0.9436262417,1.688171628,1.436523363,0.3460915443,0.9420698633,1.143729781,0.9247469772,1.438920813,0.6946997589,0.6255306249,0.1141615184,0.2465844108,0.1903245261,-0.3144892,1.008843373,1.055674378,1.183634501,1.136199825,1.3281308,1.043327488,1.244110171,1.23486198,-0.7506215576,1.525413967
0.9436262417,1.628561514,1.4761285,0.3460915443,0.6592882124,0.5141912906,0.9428363594,0.1876858134,0.1499074815,0.9093050239,0.7009457166,0.2314338903,0.22481186,-0.2868809906,1.012102624,1.085696045,1.200129554,1.193114151,1.326349117,1.054628286,1.246541566,1.26545216,-0.7437950037,0.7267129855
0.9436262417,1.545635297,1.423210688,0.4751887277,0.8874476916,0.6210395843,1.171123692,0.5609856287,0.1652388792,1.231596826,0.544637564,0.3665721063,0.2205443738,-0.3044783257,1.000262219,1.0873779,1.214030471,1.293760957,1.333956407,1.057699975,1.26052663,1.2596752,-0.651112138,0.5802373768
1.031190258,1.289444806,1.320728198,0.3924713737,1.101157459,0.6896215123,1.289745841,0.8293412959,0.497172621,1.261373968,0.7840206635,0.6370830339,0.2440625636,-0.2694129491,1.005900404,1.103059907,1.241722415,1.323860976,1.334167646,1.052313813,1.264457623,1.246907125,-0.6575601889,1.034900228
1.031190258,1.405898371,1.310172956,0.5950355459,1.248986702,0.9451504909,1.34351204,1.425873792,0.6459419039,1.326627319,0.8523783579,0.785223002,0.2351750903,-0.2500704495,1.0012634,1.10414487,1.267008785,1.321027935,1.337791673,1.039293802,1.272056119,1.230307278,-0.5212872461,0.6325928832
1.031190258,1.053823016,1.029266783,0.4307845429,0.9001883275,0.6383993784,1.120661338,0.9308842846,0.2275785619,1.171763748,0.4717550293,0.5365565149,0.2221538414,-0.2208357002,1.000378803,1.109476563,1.273625534,1.253228411,1.346024392,1.055339809,1.280809261,1.295711172,-0.7437950037,0.7771211024
1.149472616,1.068504535,0.9381972151,0.5389754667,1.111504016,1.418472884,1.282296577,0.870272527,0.5333366478,1.312951901,0.7791917374,0.7656750847,0.2286175527,-0.1782675669,1.002709309,1.111270271,1.280416068,1.210202472,1.348215508,1.042106978,1.282636676,1.353521628,-0.9389708798,1.018009741
1.149472616,1.093443587,0.9559853889,0.5919342393,0.9642315595,1.137470343,1.155819968,0.8856682485,0.3698523229,1.169572541,0.8025700341,0.7589074924,0.2499618213,-0.140494435,1.013114663,1.12631208,1.254226587,1.439959325,1.354784683,1.05569584,1.291118069,1.316919561,-0.6836108359,0.7877622049
1.149472616,1.225084296,1.087828106,0.4448648698,1.264384418,1.281486554,1.26925665,0.8786789648,1.113402771,1.085637379,0.6068243691,0.6697444913,0.2984056799,-0.09977746593,1.025018604,1.141499684,1.26431578,1.455109692,1.372071866,1.089281611,1.306798697,1.354490972,-0.6901891508,0.6442467168
1.091027598,1.412449046,1.300806177,0.6742599762,1.21104382,1.379855463,1.379963555,1.295990609,0.4413693982,1.145346269,0.9550801708,0.8683694545,0.3095510669,-0.0849180444,1.043350986,1.145727996,1.275098634,1.359786463,1.375954086,1.071912462,1.310806714,1.400211949,-0.7369969533,0.959544593
1.091027598,1.557950678,1.445107688,0.5701819447,0.9465173614,0.8635404191,1.069657228,1.110062423,0.492426252,1.039887864,0.4156610679,0.7516254575,0.279604163,-0.1033794461,1.086996019,1.155966575,1.274924169,1.489618202,1.383508546,1.145127419,1.325000642,1.410208225,-0.7437950037,0.8915537676
1.091027598,1.494058942,1.424387592,0.2844879213,1.087564835,0.6121377343,1.325810666,0.8321802546,0.3235218752,0.8215428047,-0.2380462177,0.9617088944,0.1587939163,-0.2139594687,1.09419951,1.125449617,1.303131162,1.375865496,1.412359838,1.260473149,1.356765663,1.50282465,-0.9236831553,1.315729148
0.9293530727,1.721570986,1.415353451,0.3002940163,0.4062659214,1.300584086,0.6918229592,0.9250930462,-0.2899555537,0.2104016148,0.02810286116,0.1622379891,0.2212072755,-0.1531514093,1.07066364,1.132631775,1.305571832,1.515636605,1.398128013,1.14017816,1.333785195,1.47772017,-0.8420741013,1.65178548
0.9293530727,1.555743085,1.406293436,0.4198618415,0.5832606014,0.7843007583,0.925810921,0.3072959375,-0.1089181297,0.7225406819,0.1710534373,0.2622990165,0.2594356919,-0.106158979,1.072754697,1.161753302,1.293316999,1.642622325,1.39621332,1.155786922,1.33756526,1.36246445,-0.6575601889,0.5985545385
0.9293530727,1.579644668,1.325587994,0.5706266258,1.128920187,1.032486108,1.357759458,1.251719244,0.1913568613,1.394849111,0.007029630836,-0.2762010338,0.2255613113,-0.134911234,1.045956835,1.139206082,1.323411204,1.993819101,1.417325472,1.228516626,1.393262683,0.8974043174,0.04929317436,0.4773555384
0.4277133372,1.536135408,0.6894527953,-0.3359683387,0.9939048566,0.5230648631,1.486680181,0.6815644771,-0.7928406726,1.61955822,-10.50251086,-3.095412715,-0.009121897766,-0.2861604201,0.9507368021,1.053367436,1.315542986,2.098187009,1.463458573,1.321414166,1.451376151,1.025149375,0.1818652971,0.09936826198
0.4277133372,1.374631608,0.3902313254,-0.2975368318,1.233876022,1.003187169,1.626922413,1.45026592,-0.604408839,1.584058532,-3.358534889,-2.808546637,-0.1269281297,-0.3293934921,0.9133779616,1.018902842,1.347522363,2.097873761,1.516562345,1.399637434,1.495374825,1.132737008,0.06180128228,-0.4510952653
0.4277133372,1.234686427,0.2772830888,-0.1591067424,1.201470823,0.2796810496,1.509042888,1.582357848,-0.2545332512,1.476957721,-1.483883712,-0.8222524332,-0.130088846,-0.2895760374,0.9063284788,1.008062913,1.394849838,2.120014547,1.545978499,1.446832997,1.520118595,1.242600391,0.01118174278,-0.1787790846
0.9415943433,1.339446189,0.4548351071,0.477897141,1.458575256,0.5134504587,1.665223183,1.620923265,0.2164094644,1.573283041,-0.2360914528,-0.1079517591,-0.158627363,-0.2050927749,0.9323330428,1.077230043,1.446416819,2.031317964,1.584232095,1.489995087,1.555891269,1.346536458,-0.1988963852,0.5589949665
0.9415943433,1.388814975,0.6224434711,0.765869212,1.102353399,0.4798928577,1.341037835,1.525625716,-0.005610473256,1.373339396,0.2346467866,0.02239030163,-0.04512072745,-0.09122729678,0.9530200086,1.086594509,1.510472692,2.113175581,1.600564319,1.518688456,1.566839612,1.300680882,-0.2737088124,0.8306010877
0.9415943433,1.514835116,0.8222058433,0.8237858785,1.106136912,0.7589720873,1.330574947,1.242944933,0.1835431257,1.366886335,0.3417402142,0.3482989562,0.09274218554,0.01058178642,0.9826130776,1.105415831,1.610808913,2.085580493,1.618829557,1.560701417,1.590267527,1.23634784,-0.1556052783,0.7159966144
1.031024007,1.774720646,1.103060476,1.015958293,0.9795284943,0.7941308008,1.10894493,1.812444589,0.1778883559,1.230194428,0.5038079621,0.4391335483,0.1945300118,0.08763877205,1.030854354,1.141646422,1.681746011,2.185294048,1.629313121,1.589104989,1.603825892,1.227309757,-0.2788206869,1.327071713
1.031024007,1.681762762,1.023038893,0.8323207126,0.9530688233,1.113016647,1.11644964,1.246206647,0.3172672715,1.234823012,0.5203614212,0.5577223531,0.251506661,0.1244937796,1.104059693,1.181291697,1.754524681,2.093797858,1.633062482,1.598545227,1.611653882,1.420477359,-0.5153559802,1.153857292
1.031024007,1.838908953,1.176444767,0.796824802,1.072691555,1.789372124,1.072665457,1.473544537,0.8045449304,1.207818802,0.2269326237,0.7694654627,0.2003095405,0.02136455331,1.126899092,1.170238634,1.770155451,1.968557187,1.659560119,1.668915278,1.631758423,1.536838059,-0.6066769631,1.514567847
0.9791316985,1.925083987,1.182378117,0.8109617587,0.3451034449,1.311239621,0.6872432377,0.6972595127,-0.353256951,0.9701068767,0.128388667,-0.1585609411,0.3070633881,0.1154074617,1.131225979,1.188716573,1.828146813,2.066025765,1.639948287,1.615001519,1.60200687,1.492660852,-0.4401536282,1.773827807
0.9791316985,1.693961071,1.167949202,0.695218162,0.4440303095,1.148087933,0.7564532337,0.8059706199,-0.2456129787,1.012792639,0.09000007292,-0.2166341906,0.4118678967,0.2087849005,1.158151647,1.227812566,1.884449842,2.093215028,1.634756595,1.590722213,1.59730097,1.434132633,-0.3791262531,0.8909150696
0.9791316985,1.810346904,1.367795724,1.250054978,1.435190529,1.575473646,1.608355084,1.402499666,0.4248469652,1.538209232,0.1277320738,0.1065785399,0.4571946975,0.2587366499,1.164062618,1.249340954,1.945476095,2.194041818,1.632611768,1.586628801,1.610774113,1.510365177,-0.4288862427,1.101906043