DATE,TARGET,epeRes,epeCom,epeInd,expQ,impQ,expBasic,expSemi,expManuf,expAgroDolar,anfaveaProd,anfaveaLic,cagedTransf,cagedConstr,cagedCom,cagedServ,ipa,cambio,poup,m1,m2,ibov,embi,RecRFBIPCA,
Jan-96,96.84,5851,2951,8753,34.46,52.16,22.82,53.76,33.56,115.914,100946,105226,5982.422,2015.581,4730.099,10299.511,100.00,0.979,64902724,23481820,175037084,48309,760,42102,
Feb-96,96.84,5742,3007,9278,33.81,51.17,21.56,45.53,36.25,109.438,121248,123172,5951.516,2017.003,4720.066,10308.072,100.03,0.984,65233099,23095259,174828178,52663,863,38946,
Mar-96,96.84,5845,2956,9204,34.02,59.07,21.92,42.55,36.26,180.2097,136019,140737,5922.355,2020.226,4710.568,10306.57,99.88,0.988,65267819,22985492,175383395,49297,840,54429,
Apr-96,100.12,5876,3041,9539,42.08,61.83,37.31,55.51,39.86,379.7159,130698,136759,5934.785,2030.111,4716.401,10331.354,100.25,0.993,65114540,23276407,173647972,50171,763,41602,
May-96,100.12,5676,2885,9623,44.35,64.43,38.06,58.86,42.23,329.6451,142309,151333,5970.066,2037.631,4727.189,10350.637,100.48,0.998,64692969,22761723,172226628,54828,748,42501,
Jun-96,100.12,5628,2797,9833,37.87,63.32,35.18,52.72,34.43,287.6253,121143,129247,5981.711,2042.088,4744.997,10357.414,100.87,1.004,64510539,23513221,173468300,57865,687,41610,
Jul-96,107.56,5547,2647,9655,44.06,75.8,38.16,63.73,41.01,332.1776,153931,155654,5978.544,2045.562,4743.8,10360.473,101.00,1.011,64278981,23107137,172412324,62722,681,43255,
Aug-96,107.56,5679,2796,10390,43.55,72.54,38.03,62.14,40.9,351.0294,161906,166051,5971.993,2045.417,4743.645,10365.96,101.45,1.017,64236000,23477144,173006068,62498,610,42752,
Sep-96,107.56,5769,2813,10187,40.99,72.78,34.27,62.19,38.24,266.9427,146060,161595,5989.462,2044.441,4749.235,10375.149,101.78,1.022,64726913,25143255,176993375,64350,533,44733,
Oct-96,104.31,5836,2881,10031,42.05,85.45,35.77,60.65,39.77,337.3441,148219,162308,5987.049,2038.292,4750.355,10359.381,101.99,1.028,65754075,23171129,179182481,66273,594,45014,
Nov-96,104.31,5838,2997,10076,39.12,75.38,29.99,58.13,37.87,251.6394,141674,160074,5957.158,2026.043,4767.279,10339.256,102.35,1.033,67558050,24383240,182157237,66118,546,44625,
Dec-96,104.31,5764,2993,9947,38.24,88.31,25.65,51.78,40.19,207.0245,118982,138632,5863.864,1999.975,4741.078,10267.387,103.67,1.039,72652001,29807483,188734369,68547,523,65621,
Jan-97,100.13,6522,3309,9455,37.48,40.21,26.22,61.55,36.69,211.6924,124889,134826,5851.775,2005.991,4717.885,10259.14,104.05,1.046,77130334,33123796,189274171,76022,437,45724,
Feb-97,100.13,6176,3219,9840,31.31,67.61,19.87,40.72,33.73,228.1319,136323,146106,5849.377,2007.177,4713.449,10265.362,104.41,1.052,78711825,36236904,192906132,86427,419,43604,
Mar-97,100.13,5993,3121,9488,37.82,75.95,32.87,44.16,37.18,447.5262,153164,169144,5852.238,2016.519,4723.645,10291.76,104.57,1.059,80034278,37448610,195738732,9241,469,48348,
Apr-97,104.88,6050,3134,9945,45.31,87.54,47.22,56.59,39.71,771.6228,172391,183864,5873.953,2030.934,4739.219,10315.162,104.99,1.064,80883307,36298117,195848416,9596,457,49701,
May-97,104.88,6059,3100,10304,45.31,78.25,48.7,51.55,39.67,795.4549,162310,175250,5912.328,2037.877,4761.14,10338.347,105.15,1.072,81791649,36860743,198244959,10598,404,45517,
Jun-97,104.88,6069,2970,10045,47.05,84.06,46.76,55.5,42.99,640.8135,170685,179299,5923.126,2044.606,4787.152,10359.446,105.48,1.077,82927443,37841978,205191931,11934,392,45765,
Jul-97,109.49,5981,2956,10285,51.51,95.52,51.13,63.7,46.72,738.6537,160400,172335,5911.152,2047.124,4788.526,10357.775,106.05,1.083,83626270,35906316,204296617,12751,375,49200,
Aug-97,109.49,6025,3072,10685,49.79,88.21,40.99,62.21,50.3,586.7688,173863,179897,5899.796,2047.622,4795.644,10371.721,106.08,1.092,85063780,37775700,209695447,11637,387,45919,
Sep-97,109.49,6151,3151,10441,45.15,90.2,32.99,59.22,46.59,389.7076,182952,187828,5916.161,2055.004,4803.924,10389.463,106.27,1.096,86591725,39116753,217061918,11395,360,47747,
Oct-97,108.21,6335,3303,10567,47.95,92.71,31.49,59.07,52.51,337.8737,192829,189022,5904.34,2056.921,4818.048,10402.329,106.48,1.103,88145782,39284420,222660888,11898,677,50100,
Nov-97,108.21,6398,3434,10727,39.32,86.37,24.06,48.87,43.97,233.7654,130140,128669,5857.474,2050.109,4833.662,10399.716,106.81,1.110,93941895,40023882,230699363,9168,572,47917,
Dec-97,108.21,6330,3428,9935,44.99,85.51,24.12,63.75,50.29,228.012,101255,97218,5730.716,2013.471,4806.647,10328.525,106.92,1.116,98211258,47362722,239775207,9726,521,66687,
Jan-98,101.14,7178,3735,9545,38.61,76.6,26.13,62,38.47,193.4679,110243,114705,5681.6,2022.156,4780.49,10310.964,107.20,1.124,100628943,42619626,241755357,9658,546,55426,
Feb-98,101.14,6518,3486,9722,37.38,65.89,21.25,47.3,42.84,228.1079,105964,109673,5651.489,2024.623,4769.576,10318.423,107.30,1.130,98600976,42820595,243452578,10271,495,48375,
Mar-98,101.14,6650,3468,9609,43.33,87.64,30.15,52.78,46.63,299.0306,141749,153318,5633.969,2032.297,4759.879,10326.135,107.39,1.137,98108163,41922152,244425419,11526,443,53943,
Apr-98,106.46,6675,3608,10400,47.52,79.54,44.57,55.8,44.9,630.2048,137785,143968,5644.839,2044.046,4770.177,10349.694,107.31,1.144,97850781,42274904,242189887,11824,467,50637,
May-98,106.46,6591,3422,10367,48.37,80.72,48.49,49.97,45.51,617.7358,160231,154590,5658.122,2051.243,4782.639,10374.663,107.44,1.151,98234213,42502086,243612653,10568,576,44999,
Jun-98,106.46,6227,3193,10168,51.57,81.28,50.54,65.07,46.62,569.324,146151,143617,5657.011,2054.281,4783.528,10382.055,107.63,1.157,99703658,44060070,247305992,9793,663,45904,
Jul-98,109.88,6320,3161,10351,52.85,93.31,49.72,66.12,49.47,527.7122,126825,114405,5620.314,2059.273,4780.961,10391.889,107.39,1.163,101146464,43981738,247646602,10521,608,51551,
Aug-98,109.88,6443,3352,10723,42.98,72.18,41.34,48.71,40.72,461.7544,134224,165523,5616.439,2064.109,4788.8,10408.686,107.14,1.177,102317106,44308331,248168301,8428,1421,52552,
Sep-98,109.88,6679,3481,10510,49.85,101.72,45.95,63.26,46.91,498.8101,134540,128466,5614.104,2052.483,4787.789,10413.413,106.81,1.186,104162810,43933681,245774199,6389,1326,49494,
Oct-98,106.66,6711,3478,10425,44.4,94.05,35.94,60.74,43.38,351.4498,92855,101326,5597.582,2033.21,4791.406,10393.01,106.73,1.193,105773764,43031345,247229516,6696,1192,48951,
Nov-98,106.66,6642,3538,10343,40.88,80.94,30.08,56.25,41.35,269.0176,79643,100166,5550.9,2005.909,4795.702,10368.478,106.46,1.201,107168486,46117494,251309991,8256,975,45889,
Dec-98,106.66,6705,3622,9815,43.4,75.81,31.08,63.34,44.02,269.1932,59650,105195,5430.047,1949.27,4748.751,10251.802,106.71,1.209,108442384,50707266,254965130,7255,1231,68080,
Jan-99,101.92,7190,3806,9257,33.21,62.63,24.53,55.99,31.16,201.3241,81902,93410,5412.111,1942.997,4738.776,10257.531,108.65,1.983,109360150,49957188,254930105,7011,1507,50887,
Feb-99,101.92,6745,3661,9441,37.77,52.68,28.73,57.82,36.76,266.6447,78103,43012,5381.058,1921.993,4719.173,10251.267,115.13,2.065,111432305,47817257,259568056,8838,1376,57160,
Mar-99,101.92,6841,3687,9762,45.54,69.7,34.72,64.88,43.96,368.8047,114873,143191,5358.915,1902.695,4694.958,10232.792,118.71,1.722,112363679,45497048,260900171,10170,1041,57085,
Apr-99,106.04,7115,3929,10512,45.22,62.83,41.42,57.11,42.33,505.8482,109148,125455,5382.798,1898.279,4688.413,10244.068,120.03,1.661,112524501,44075657,257075021,11193,873,54213,
May-99,106.04,6587,3521,10215,53.97,69.45,54.45,73.05,47.07,537.472,114047,115192,5417.072,1899.229,4704.175,10269.539,120.88,1.724,113364448,44052226,258344677,11730,1066,48276,
Jun-99,106.04,6642,3449,10411,53.15,77.15,48.68,75.43,48.46,439.1232,116990,107259,5438.176,1898.638,4717.979,10281.886,121.96,1.770,112787044,45939541,260973090,11359,957,52774,
Jul-99,109.2,6611,3413,10467,50.85,69.97,48.37,66.7,46.24,407.3743,115312,113304,5442.495,1892.511,4720.804,10282.006,124.72,1.789,112300916,48011511,260036100,11271,1053,61230,
Aug-99,109.2,6581,3483,10804,52.98,75.91,47.27,66.12,50.7,375.1046,129287,122756,5451.742,1888.442,4724.271,10298.983,127.40,1.916,111709814,47508989,259187285,10181,1124,51157,
Sep-99,109.2,6795,3618,10750,52.13,73.14,46.11,68.91,49.79,354.1582,130444,127084,5483.377,1886.614,4726.849,10307.052,130.02,1.922,110964424,46988943,257450042,11313,984,60162,
Oct-99,108.97,6674,3590,10742,52.65,75.54,42.96,72.32,51.39,283.8135,109990,92360,5515.311,1881.4,4743.969,10309.804,132.82,1.953,110498341,48580640,259628490,11308,851,56544,
Nov-99,108.97,6715,3683,10864,48.72,77.47,37.6,63.7,48.79,268.559,108670,87227,5515.963,1868.793,4773.696,10320.881,135.61,1.923,110695593,51580026,262754640,13121,806,57121,
Dec-99,108.97,6797,3749,10667,56.61,74.99,39.96,85.17,56.59,255.173,81211,86703,5444.946,1836.128,4763.327,10266.703,136.92,1.789,111406674,62744441,274769738,15211,636,74418,
Jan-00,106.4,7230,4083,10024,41.19,58.38,30.03,60.43,41.05,173.3727,92704,89216,5457.141,1845.467,4764.903,10273.044,138.26,1.802,112685736,56633254,269834203,16928,758,59756,
Feb-00,106.4,7001,4016,10388,49.26,70.65,29.65,66.84,53.01,193.1435,126595,112595,5479.863,1847.935,4765.925,10308.692,139.29,1.769,111879544,54038049,261493972,17804,688,55084,
Mar-00,106.4,7099,4099,10769,52.97,76.62,37.53,62.13,57.1,258.1622,130730,117823,5494.369,1843.764,4775.247,10323.514,140.12,1.747,111304745,53255346,261426958,18055,679,63885,
Apr-00,110.25,6962,4065,10942,49.91,68.43,45.81,55.11,49.29,448.6126,129116,116950,5525.629,1853.525,4796.711,10374.929,140.57,1.807,110935779,53668551,259792946,15910,742,58094,
May-00,110.25,6910,3931,10882,59.42,81.58,55.94,60.49,55.88,510.9322,144738,129723,5568.071,1856.444,4811.631,10394.455,141.58,1.827,110441693,52976100,259849804,14694,792,57217,
Jun-00,110.25,6737,3736,11216,57.43,78.52,52.8,58.64,56.91,486.2172,145172,124682,5583.367,1863.47,4830.541,10424.417,142.49,1.800,111044994,54696730,260097175,16458,722,58836,
Jul-00,114.19,6731,3756,11049,58.14,83.13,53.77,64.38,56.94,471.0966,141751,125791,5604.871,1870.23,4846.937,10458.664,146.02,1.775,111006663,57077894,262669758,17087,712,59517,
Aug-00,114.19,6759,3650,11271,63.22,94.33,60.83,69.28,59.53,568.5365,161503,142446,5627.363,1875.877,4860.19,10499.489,148.51,1.823,110716139,56626345,264098974,17170,672,59565,
Sep-00,114.19,6985,3886,11094,54.7,86.33,43.74,62.02,56.51,327.8422,141474,130591,5675.196,1879.062,4880.744,10544.479,149.50,1.844,109494425,59451342,264758892,16647,705,58230,
Oct-00,113.98,7126,4014,11350,54.91,86.17,46.12,59.83,56.63,307.9638,140295,131235,5698.635,1882.378,4905.46,10568.611,150.17,1.909,108731594,60166406,265690888,15044,758,61766,
Nov-00,113.98,7053,4190,11422,52.1,85.92,44.44,65.35,51.44,247.3786,128920,134893,5705.988,1869.695,4945.02,10589.956,151.03,1.960,109260188,63052800,271618418,14407,829,62613,
Dec-00,113.98,7021,4201,10873,54.29,82.08,35.94,66.86,58.22,157.4162,122850,133536,5637.809,1834.496,4938.799,10550.631,152.77,1.955,111936098,74352468,283784809,14742,749,77932,
Jan-01,110.1,7357,4288,10426,52.62,85.35,43.97,76.64,48.14,170.5451,116359,122184,5661.856,1840.262,4929.796,10564.557,153.96,1.971,112272264,66549099,276497688,17150,677,68779,
Feb-01,110.1,7266,4393,10856,48.14,69.32,37.35,56.02,48.53,163.6173,135125,132323,5674.238,1843.146,4935.063,10609.916,154.44,2.045,112831871,68309887,279762508,16596,753,55673,
Mar-01,110.1,7423,4358,10892,60.18,95.8,49.34,67.91,60.88,323.7561,172563,164995,5674.564,1845.32,4932.709,10644.188,154.85,2.162,112398663,66032790,278378236,15330,811,61668,
Apr-01,112.82,7382,4480,11307,57.19,81.19,59.7,54.88,54.54,495.2276,159963,154819,5703.619,1859.952,4959.785,10697.074,155.60,2.185,112749025,65811791,279598547,14432,812,65645,
May-01,112.82,6948,4149,11338,65.05,90.75,73.93,61.51,60.51,605.8953,181201,161748,5735.305,1862.178,4978.479,10725.561,156.36,2.360,113891734,65461974,283478495,14693,858,64143,
Jun-01,112.82,5919,3537,10662,61.42,82.97,73.69,54.85,56.03,624.5664,153120,138138,5744.731,1861.716,4996.187,10743.345,158.84,2.305,114874366,66395565,289058653,14871,847,64723,
Jul-01,114.71,5076,2932,9178,60.2,85.39,68.5,66.28,54.4,501.0624,142411,125818,5742.485,1860.986,5010.497,10781.544,161.85,2.431,115508724,67328517,290466494,13943,972,64849,
Aug-01,114.71,5091,2945,9520,70.19,91.22,75.8,85.51,59.52,644.7213,139972,131950,5743.499,1856.553,5028.931,10821.41,163.55,2.552,116060597,67571709,295618891,13444,954,64518,
Sep-01,114.71,5243,3172,9586,58.54,72.73,65.43,63.82,52.47,494.0089,127346,101296,5776.155,1852.771,5058.348,10858.501,164.77,2.671,116737768,68485780,296574994,11011,1165,60851,
Oct-01,113.38,5185,3266,9566,62.9,83.54,65.12,80.53,57.22,377.1001,117198,111787,5802.146,1848.745,5095.767,10887.283,167.97,2.707,116399422,67524432,295900745,10963,1163,67340,
Nov-01,113.38,5391,3412,9686,57.11,77.78,51.56,72.96,55.03,264.3201,124740,129783,5803.439,1836.014,5148.131,10907.351,169.06,2.529,117676131,70243399,301950848,12812,976,63563,
Dec-01,113.38,5341,3501,9521,55.72,64.01,51.16,72.96,53.53,215.906,104524,126441,5741.631,1801.092,5148.604,10861.593,168.52,2.320,120030423,83706703,321612169,13334,863,78346,
Jan-02,110.63,5771,3639,9431,51.41,70.3,42.46,69.25,43.66,162.9073,116830,114681,5756.651,1803.058,5150.901,10879.768,167.98,2.418,120034058,74849151,314642869,13389,866,80239,
Feb-02,110.63,5703,3708,9919,47.22,64,40.99,59.02,46.17,169.9115,116000,97521,5765.606,1805.159,5161.891,10917.789,168.58,2.348,120495519,74248914,315513646,13226,785,65663,
Mar-02,110.63,5818,3696,10362,55.68,70.02,53.04,60.95,53.8,253.0788,143887,123783,5789.248,1808.655,5172.774,10955.026,168.65,2.324,120786602,73578126,324413321,13901,718,64504,
Apr-02,115.41,6259,3959,10762,59.56,77.74,64.48,62.66,55.52,421.4018,152334,138839,5833.852,1819.16,5191.196,11006.645,170.84,2.363,120419316,75179775,323105595,13343,849,70218,
May-02,115.41,6215,3903,10920,56.76,75.46,59.49,57.73,54.06,332.4044,144526,123208,5859.544,1816.24,5209.812,11039.088,173.27,2.522,120908896,74243470,325447713,12500,981,67395,
Jun-02,115.41,6003,3631,10898,50.6,62.63,44.69,53.7,51.14,306.0317,130458,107594,5870.122,1817.697,5236.523,11071.534,176.29,2.844,126974870,80202505,342348204,11685,1548,64154,
Jul-02,119.5,5820,3450,10720,78.54,91.33,101.23,98.7,63.8,625.4642,133240,124804,5871.168,1819.774,5255.662,11084.247,180.22,3.429,131996166,83436794,353829027,10321,2341,74670,
Aug-02,119.5,6035,3625,11024,73.57,74.51,84.89,92.89,64.02,499.874,127173,126624,5888.625,1822.494,5282.242,11123.158,184.72,3.022,136876680,86245564,369568449,9791,1630,67320,
Sep-02,119.5,6026,3692,10893,82.2,70.81,115.29,100.09,63.42,988.7195,140896,129695,5962.873,1828.407,5330.329,11174.141,190.34,3.895,138721221,89019005,376113262,9644,2395,78325,
Oct-02,119.24,6179,3822,11000,81.76,75.18,91.02,108.71,71.31,594.2646,157227,140380,5979.612,1826.778,5367.874,11195.128,199.78,3.645,139529472,89743774,382645357,9179,1742,77270,
Nov-02,119.24,6449,4056,11040,65.24,68.66,65.33,85.45,60.19,340.3208,148960,123296,5968.43,1815.546,5426.144,11204.841,213.86,3.637,140309022,92809490,385987568,10030,1606,71214,
Dec-02,119.24,6383,4074,10659,67.88,59.95,61.65,78.49,67.84,300.9066,122259,128155,5902.801,1771.682,5431.865,11147.395,220.66,3.533,140895698,108248260,397022802,10890,1446,82733,
Jan-03,113.58,6786,4182,10345,60.33,63.29,57.55,91.06,54.24,207.5763,132208,112312,5929.411,1765.941,5429.03,11158.933,226.49,3.526,141282812,93182130,387993586,11486,1319,77278,
Feb-03,113.58,6518,4153,10471,61.9,65.22,58.59,76.61,59.68,211.334,141129,118175,5931.684,1758.618,5443.032,11208.669,230.82,3.563,140814916,91833277,390709849,10350,1182,65785,
Mar-03,113.58,6618,4221,10565,63.68,62.64,67.67,67.02,60.11,428.8648,127486,102723,5943.877,1745.202,5437.581,11220.052,236.72,3.353,139704831,88124395,384924610,10917,1048,62181,
Apr-03,116.31,6228,3948,10850,70.66,68.44,83.46,65.56,65.23,746.6153,130783,108731,5992.643,1746.164,5455.787,11254.499,237.86,2.890,138719211,85758012,382271981,12086,822,71298,
May-03,116.31,6354,3938,10750,78.59,66.95,94.32,84.46,70.09,874.4848,141857,106865,6022.263,1746.562,5470.964,11284.473,235.13,2.966,138432053,84601463,385269956,13091,799,67739,
Jun-03,116.31,6165,3711,10788,72.05,61.37,84.53,81.48,63.67,674.0645,124511,100276,6030.833,1751.118,5493.186,11308.13,232.28,2.872,138247439,86793768,383135140,13490,801,61872,
Jul-03,120.25,6058,3667,10818,74.23,70.26,75.12,88.29,71.24,553.7861,130930,113755,6021.073,1754.622,5500.848,11316.36,230.75,2.966,138812245,85404356,385590524,13552,801,69856,
Aug-03,120.25,6175,3720,10793,78.43,64.38,84.33,94.39,71.81,715.3016,130353,100783,6040.162,1757.682,5526.048,11357.792,231.42,2.967,139451139,85667886,387729444,14000,703,63278,
Sep-03,120.25,6095,3686,10855,88.59,79.36,97.22,96.51,82.25,733.4188,155901,125062,6113.337,1764.656,5560.632,11413.333,232.34,2.923,139195378,86778403,388898309,16094,698,65220,
Oct-03,119.94,6378,4001,11215,91.32,87.5,97.95,98.89,86.43,778.6382,161223,140749,6129.546,1768.659,5597.041,11445.752,232.76,2.856,139129359,86859466,386864935,17779,605,74779,
Nov-03,119.94,6385,4076,11251,72,72.57,65.46,76.33,74.11,371.1214,161528,130305,6116.677,1763.179,5657.182,11482.21,234.02,2.949,141200603,93429700,398486861,19034,533,71781,
Dec-03,119.94,6407,4219,11531,79.79,67.38,66.54,97.03,81.85,325.4174,146806,168868,6031.592,1723.527,5657.773,11407.68,235.89,2.889,144118433,110633915,412796695,21230,463,89327,
Jan-04,117.98,6781,4245,11829,68.29,71.31,68.86,87.4,63.22,375.4515,150001,107425,6068.085,1737.572,5660.678,11441.739,238.72,2.941,144683599,99293437,404971663,23412,493,77504,
Feb-04,117.98,6429,4147,11968,66.94,61.49,63.19,79.03,66.44,415.3547,148766,104785,6105.778,1739.138,5681.088,11494.098,244.19,2.914,144902042,100913022,408172176,21931,579,68896,
Mar-04,117.98,6600,4204,12421,91.5,87.4,93.23,95.15,89.75,847.5807,185509,141632,6156.525,1746.785,5693.198,11529.71,246.48,2.909,144291743,99367374,410100621,21918,559,71871,
Apr-04,123.65,6809,4447,12707,74.32,74.97,68.98,66.88,79.28,818.8485,163375,115458,6220.88,1759.452,5720.424,11578.721,251.07,2.945,144734915,99896559,411653873,21811,663,75610,
May-04,123.65,6477,4106,12652,87.37,77.61,93.06,82.89,85.82,961.5716,172380,123086,6310.407,1774.116,5760.31,11634.847,254.38,3.129,147287542,101125753,426150499,18899,701,71635,
Jun-04,123.65,6291,3840,12931,101.82,84.67,120.57,99.54,92.81,1295.3584,179685,130697,6357.952,1784.135,5788.618,11674.431,259.39,3.108,149287474,102212970,434238542,20221,650,75914,
Jul-04,128.14,6292,3887,13131,95.41,86.26,100.72,105.68,90.81,897.2624,179895,133844,6413.979,1794.832,5822.17,11717.16,263.96,3.027,151502618,102874378,439648538,21704,593,76242,
Aug-04,128.14,6304,3867,13414,98.34,86.42,109.74,96.71,92.79,847.4116,192904,130483,6486.147,1813.584,5872.648,11791.2,269.18,2.934,152155177,105386336,448053123,22267,521,73518,
Sep-04,128.14,6604,4121,13285,96.7,88.68,97.95,99.92,95.36,927.0599,194735,137722,6587.248,1822.037,5917.829,11850.059,272.23,2.859,152920896,109608285,454874045,22699,469,75745,
Oct-04,127.39,6607,4188,13347,95.25,85.66,85.59,87.67,102.7,521.7028,182581,136871,6639.931,1823.336,5966.008,11896.253,277.21,2.857,153680114,109492475,460770234,23366,473,76860,
Nov-04,127.39,6631,4233,13266,86.8,90.91,78.42,95.72,89.46,396.7947,193820,138803,6647.939,1809.635,6050.802,11944.084,280.81,2.731,155244307,112963572,468454169,24077,414,70897,
Dec-04,127.39,6643,4400,13211,99.01,85.42,76.24,94.21,111.57,370.2284,180526,177969,6536.202,1774.29,6061.713,11877.803,281.88,2.654,159588786,127208347,490938601,25574,382,99032,
Jan-05,122.92,7119,4493,12496,78.46,78.54,67.53,86.75,81.42,320.8326,155533,106643,6569.046,1782.169,6072.899,11932.304,282.81,2.625,160218688,118216605,486171173,24421,418,83247,
Feb-05,122.92,6758,4366,12607,81.49,73.73,69.04,91.42,85.64,373.8047,176760,114925,6569.856,1783.079,6081.546,11982.964,283.03,2.595,160232291,117267666,489514234,26551,393,71901,
Mar-05,122.92,6865,4553,12911,95.82,86.33,84.85,101.47,100.13,741.1429,211944,149424,6587.815,1789.331,6095.508,12037.1,283.88,2.666,159708511,116319359,499079528,27781,458,76884,
Apr-05,129.18,7132,4687,13225,92.08,75.41,96.62,86.06,91.41,900.369,197607,137667,6667.31,1803.863,6128.816,12124.575,286.75,2.531,159438236,113314432,499337853,25512,457,82552,
May-05,129.18,6718,4378,13292,96.35,90.16,97.97,92.42,96.59,797.6094,207369,142978,6713.248,1816.15,6162.699,12182.254,285.66,2.404,158834889,115334335,501693924,24810,420,74568,
Jun-05,129.18,6781,4298,13140,100.5,86.49,99.69,104.08,99.65,964.9467,213767,148491,6730.241,1833.736,6194.822,12228.923,283.63,2.350,159920729,116547574,509385724,25432,414,85229,
Jul-05,130.85,6645,4147,13430,107.5,85.69,124.03,101.7,99.79,882.7731,199959,138744,6736.36,1847.211,6223.721,12261.152,282.55,2.391,161792497,116321200,514645183,25254,402,80085,
Aug-05,130.85,6705,4142,13601,109.5,105.62,120.25,90.98,106.48,993.6733,210961,151626,6754.533,1865.496,6267.074,12331.333,280.94,2.364,161674957,116516489,523007379,27007,413,80865,
Sep-05,130.85,6949,4361,13552,101.95,86.5,100.73,93.31,103.91,819.7503,198855,144354,6835.499,1882.126,6314.105,12395.107,282.83,2.222,162195289,121626106,533410504,29859,345,77777,
Oct-05,130.13,6918,4412,13512,94.05,83.75,87.34,94.76,97.64,771.5038,182962,137710,6861.837,1893.196,6363.151,12452.548,285.03,2.254,162628363,119288937,533641504,29844,357,82281,
Nov-05,130.13,6976,4537,13445,101.69,91.2,94.87,110.12,103.44,672.5807,206894,158440,6817.022,1889.681,6437.656,12494.908,285.40,2.207,164240579,125989357,543553188,31146,340,81285,
Dec-05,130.13,7078,4662,13397,101.81,89.88,88.59,105.98,108.54,532.4753,194561,183642,6713.75,1859.343,6451.528,12447.508,284.35,2.341,169322667,143970763,575882219,33145,311,109055,
Jan-06,128.18,7168,4643,12851,87.18,88.46,85.29,91.91,86.53,465.0294,183640,132890,6733.158,1880.587,6446.317,12487.517,286.79,2.216,168740218,129371698,561166679,36232,266,87729,
Feb-06,128.18,7132,4826,13044,80.86,81.55,64.64,86.34,87.65,475.4917,190099,127881,6756.716,1895.58,6465.575,12565.483,287.02,2.136,169964485,130577850,568863022,37550,221,77955,
Mar-06,128.18,7409,4875,13382,104.14,102.26,98.38,101.99,107.9,932.5557,212794,156788,6781.778,1900.783,6457.002,12606.208,286.85,2.172,167242327,128305524,572779235,37767,235,81469,
Apr-06,132.13,7230,4834,13532,88.77,88.91,87.95,83.06,89.79,922.6824,184761,131150,6860.259,1913.411,6483.658,12678.835,286.99,2.089,166661120,127091948,573631204,39190,218,88458,
May-06,132.13,6933,4419,13407,91.57,94.51,90.02,80.49,94.91,1007.7527,219343,164132,6909.023,1929.693,6504.738,12731.17,288.92,2.301,166049303,130449221,587790102,39038,273,80440,
Jun-06,132.13,6964,4320,13569,99.56,94.98,97.29,105.9,99.71,810.4243,205415,148384,6928.632,1938.259,6523.23,12772.337,291.46,2.164,167620322,131707906,594170405,35073,254,92052,
Jul-06,136.72,6893,4231,13697,116.47,104.3,136.32,112.6,106.64,1312.7943,202943,165807,6949.625,1962.899,6551.315,12824.455,291.69,2.176,170109595,133204580,598657004,36302,223,85217,
Aug-06,136.72,6940,4408,14164,115.55,117.33,124.07,115.39,111.06,1082.3269,221843,178508,6978.413,1978.182,6581.507,12889.123,292.68,2.139,171003430,136031715,600964849,36923,223,85045,
Sep-06,136.72,7128,4512,13825,105.4,105,114.56,100.13,102.53,880.4478,188600,159368,7060.394,1990.752,6627.888,12943.675,292.68,2.174,174233250,142846522,605396817,36173,233,91613,
Oct-06,136.37,7182,4582,13953,106.56,114.06,108.43,107.84,105.95,889.3173,207656,175255,7106.196,1991.475,6683.526,12999.451,292.48,2.143,176209350,144761730,615099064,38628,223,91978,
Nov-06,136.37,7439,4768,13990,101.03,113.26,100.47,105.01,100.12,767.6137,208897,182732,7079.365,1980.985,6770.953,13036.069,293.12,2.167,180118515,151520983,629488062,41199,223,87153,
Dec-06,136.37,7367,4952,13767,102.91,95.37,92.58,109.35,107.21,524.9598,177689,204843,6963.989,1945.139,6788.322,12969.117,294.18,2.138,187864030,173545333,651976974,43316,192,116793,
Jan-07,134.84,7710,4942,13592,92.92,110.56,92.91,104,89.62,555.3985,190778,152931,6696.089,2063.882,6840.796,13813.792,294.41,2.125,189734962,155196242,636240371,43443,190,98011,
Feb-07,134.84,7393,4924,13684,86.15,94.59,85.54,87.39,85.68,613.011,190518,146765,6724.186,2069.628,6854.335,13890.161,294.12,2.118,192044825,153376659,637253254,45163,195,85167,
Mar-07,134.84,7594,5099,14276,107.21,125.05,105.67,92.79,111.86,997.0666,234951,193450,6762.793,2087.168,6868.213,13952.356,294.71,2.050,194873228,155404081,640759167,43999,167,91781,
Apr-07,140.77,7729,5287,14511,102.5,103.41,116.28,89.5,98.06,1279.655,212376,179320,6863.502,2117.984,6906.217,14039.043,297.18,2.034,197639653,156299035,647231023,48052,156,100082,
May-07,140.77,7491,4864,14558,110.52,120.28,120.38,103.47,107.19,1276.3692,241844,211103,6919.371,2132.063,6923.441,14081.778,298.91,1.929,200246408,157784749,654437795,51226,142,91479,
Jun-07,140.77,7204,4587,14582,105.31,113.41,108.04,101.1,105.16,1275.2786,232836,198791,6945.982,2150.63,6952.774,14119.459,298.64,1.926,203955119,163984495,667632398,53645,160,98805,
Jul-07,144.75,7071,4487,14569,111.2,128.97,127.89,104.78,104.27,1365.8656,253138,217365,6972.918,2169.665,6981.975,14161.491,298.61,1.878,208214262,166657789,673710233,56200,208,97496,
Aug-07,144.75,7345,4520,14860,116.83,137.14,130.99,111.78,110.09,1398.2567,263924,235256,7009.626,2195.96,7019.807,14222.474,300.43,1.962,212971473,170200823,689603244,52162,195,97151,
Sep-07,144.75,7449,4787,14866,109.07,127.47,111.41,98.97,111,1253.6462,241700,204026,7118.799,2226.761,7071.971,14297.5,301.66,1.839,218432219,175007321,703702446,56362,173,97790,
Oct-07,145.43,7512,4882,14952,117.95,145.98,133.78,115.78,109.79,1591.591,283405,244451,7176.562,2248.967,7137.04,14367.608,302.90,1.744,221168739,178147877,714108765,62680,167,105940,
Nov-07,145.43,7768,5106,15025,103.66,137.58,100,104.35,105.62,1049.9172,262729,237015,7172.464,2257.307,7237.871,14429.96,304.14,1.784,225354951,187692544,726844356,62447,220,104928,
Dec-07,145.43,7618,5162,14893,102.57,119.62,109.04,94.7,100.44,812.2869,217025,242240,7030.572,2231.884,7267.365,14371.937,307.21,1.771,234671897,230630782,773102914,63469,221,129720,
Jan-08,143.14,8134,5228,13793,93.55,138.54,87.33,104.08,93.77,783.2353,242456,214959,7089.862,2272.135,7254.297,14419.873,309.91,1.760,237490432,190075846,748930435,59645,255,117601,
Feb-08,143.14,7959,5190,13967,89.86,129,82.42,97.25,91.49,774.8858,239214,200844,7138.703,2300.34,7269.733,14510.695,312.36,1.683,240438780,184149035,752283513,62483,265,93749,
Mar-08,143.14,7694,5242,14655,86.45,121.45,78.55,79.59,92.94,1164.4762,268285,232147,7180.284,2335.135,7290.824,14604.747,315.30,1.749,242582015,184153690,773621883,61541,284,98460,
Apr-08,149.69,7755,5206,14525,93.81,123.39,96.18,85.29,94.66,1992.0449,283294,261246,7261.193,2368.866,7327.418,14706.84,320.88,1.687,242699018,187348775,808632465,64236,218,109758,
May-08,149.69,7934,5091,14791,123,152.87,163.47,116.08,100.95,2420.2462,274542,242010,7294.624,2398.65,7359.17,14764.064,327.71,1.629,245170731,183976892,839305684,71209,181,95911,
Jun-08,149.69,7621,4829,14781,111.33,152.57,130.66,93.75,103.94,1955.9542,292422,256005,7341.655,2437.626,7410.448,14838.367,333.25,1.592,248087169,186949293,863686681,67234,228,104948,
Jul-08,154.86,7654,4791,15154,116.82,158.83,132.87,123.59,105.2,2387.9148,305384,288141,7374.918,2474.555,7437.322,14894.426,337.72,1.567,251930707,186394693,911475429,59773,226,110145,
Aug-08,154.86,7881,4984,15412,110.05,162.63,127.58,111.14,99.36,1763.0437,299556,244771,7420.626,2512.229,7494.428,14989.431,340.62,1.634,255225913,187384708,956025686,55456,240,100629,
Sep-08,154.86,7816,5104,15180,113.93,160.87,121.35,108.14,111.97,1601.3807,286610,268686,7530.436,2546.852,7550.215,15092.945,343.24,1.914,258397675,195612717,994842090,50594,331,103682,
Oct-08,146.92,8120,5261,15386,107.37,167.13,120.93,111.36,96.96,1345.5266,280178,239236,7536.692,2549.933,7606.397,15127.769,349.63,2.115,259940515,189988878,1019023095,38142,449,115169,
Nov-08,146.92,8238,5501,14773,93.32,132.1,99.29,89.98,91.19,1073.6228,187374,177823,7453.393,2526.96,7685.175,15166.794,349.59,2.333,264128859,198042244,1039665921,35908,489,103634,
Dec-08,146.92,7943,5386,13417,95.16,124.24,104.06,77.73,94.45,1099.6174,91314,194486,7185.727,2443.403,7667.36,15019.41,347.04,2.337,271156743,222871994,1077775226,37557,428,124305,
Jan-09,139.67,8605,5368,11924,71.02,109.58,82.63,85.57,57.87,885.5591,180242,197454,7131.518,2455.791,7616.709,15022.472,343.02,2.316,272499566,196037593,1059322144,39568,409,110679,
Feb-09,139.67,8149,5443,12337,72.12,87.78,85.24,73.46,63.38,794.9975,196546,199366,7074.838,2459.862,7607.746,15092.983,342.02,2.378,274852749,194334656,1065212980,40174,421,83207,
Mar-09,139.67,8490,5698,13049,88.9,113.98,107.84,80.12,77.74,1499.6096,266162,271442,7039.803,2477.03,7598.367,15147.594,338.05,2.315,275496475,192457390,1064810764,39485,425,98531,
Apr-09,146.39,8472,5686,13200,93.62,99.59,131.69,86.5,69.97,2012.5409,244700,234390,7040.093,2492.356,7604.843,15209.605,336.09,2.178,276043847,194600530,1068821625,45218,355,103163,
May-09,146.39,8188,5248,12976,91.37,108.46,126.95,89.34,69.53,2132.0186,262452,246978,7040.18,2510.609,7620.496,15253.867,335.02,1.973,279463482,195880060,1082118340,50893,294,90919,
Jun-09,146.39,7909,5031,13217,105.96,111.59,149.89,100.74,79.36,3022.0693,276445,300157,7042.453,2530.304,7639.465,15274.458,331.77,1.952,283038102,202588008,1103072830,52061,284,97662,
Jul-09,153.06,8105,4997,13611,103.14,126.1,140.46,105.7,78.98,1872.4749,271385,285416,7058.83,2564.425,7668.52,15301.167,329.48,1.873,291041246,198677899,1106413052,52068,265,102665,
Aug-09,153.06,8403,5129,14061,100.06,120.81,133.82,108.52,76.05,1820.0775,284904,258129,7122.533,2606.425,7727.803,15388.138,329.81,1.886,295603406,202929874,1112486421,56663,271,94245,
Sep-09,153.06,8417,5304,14227,96.88,140.36,116.23,104.12,82.2,1442.5962,263767,308718,7243.098,2640.467,7779.709,15452.017,331.89,1.778,300498349,210410863,1130524023,59195,234,92434,
Oct-09,154.75,8526,5493,14552,97.78,142.58,117.03,111.62,82.38,1013.1494,306291,294466,7314.793,2667.581,7850.74,15522.441,331.82,1.744,302983247,210472801,1126267187,63988,240,118576,
Nov-09,154.75,8636,5764,14415,85.9,134.17,93.82,98.54,76.5,791.454,282512,251697,7351.604,2687.518,7969.314,15609.022,331.59,1.751,309223991,221014336,1141021336,66000,231,123110,
Dec-09,154.75,8877,6095,14229,95.18,137.03,97.58,93.37,94.25,826.7509,240594,293027,7189.378,2635.221,7978.288,15517.706,331.65,1.741,319631931,249898486,1176034867,68103,192,127806,
Jan-10,152.53,9235,5851,13425,74.45,128.46,82.63,80.13,66.62,681.9963,233395,213312,7255.406,2692.829,7973.46,15572.014,336.20,1.875,323908655,227569485,1155301354,68578,234,123956,
Feb-10,152.53,8912,5885,14078,79.83,130,96.48,81.91,67.63,850.0069,236614,220957,7314.213,2729.92,7985.848,15665.51,340.74,1.811,326604361,225199998,1158583105,65937,215,93488,
Mar-10,152.53,9153,6162,14766,102.43,166.75,136.74,90.21,83.66,1840.7023,318011,353738,7383.905,2770.832,8017.339,15776.145,340.57,1.781,328636026,229891568,1173683553,69070,185,103030,
Apr-10,158.86,9150,6010,14921,96.87,149.61,137.64,83.46,75.11,2363.8876,274873,277843,7463.618,2812.348,8059.502,15875.71,342.00,1.731,331852076,229269989,1169619145,69738,196,118049,
May-10,158.86,8709,5658,15025,107.89,153.04,154.18,99.78,81.05,2562.3299,297374,251087,7522.451,2854.079,8105.302,15961.945,351.09,1.817,335901450,231764818,1183212018,62605,235,104411,
Jun-10,158.86,8676,5420,15180,105.02,160.41,136.95,108.59,82.95,1906.5048,283997,262758,7565.006,2881.611,8133.49,16018.314,352.57,1.802,341889866,235524920,1203586091,63331,248,106034,
Jul-10,163.63,8448,5224,15303,105.91,178.13,135.36,112.45,85.5,2060.1561,290756,302332,7604.613,2922.672,8163.984,16078.069,354.26,1.757,350691950,236625250,1214278749,64143,214,113133,
Aug-10,163.63,8812,5451,15456,111.92,179.21,145.95,109.31,89.65,2001.1549,308387,312783,7670.658,2966.495,8232.199,16206.292,359.22,1.756,354495995,243405548,1238235543,66576,233,107952,
Sep-10,163.63,8904,5658,15405,107.36,192.71,137.71,106.55,88.25,1932.9623,278441,307057,7762.832,2990.435,8289.682,16299.225,360.33,1.694,361242172,249816005,1269936373,67793,206,109248,
Oct-10,163.55,8951,5713,15434,103.86,176.57,125.58,113.69,88.08,1586.8469,293567,303172,7806.998,3004.107,8373.624,16384.241,361.74,1.701,365719671,250769881,1282234261,70618,175,123236,
Nov-10,163.55,8963,5833,15317,98.27,183.68,111.5,121.57,84.3,1334.5547,301940,328473,7796.238,2999.035,8506.851,16460.157,364.45,1.716,371209621,260042717,1313919981,70380,198,114960,
Dec-10,163.55,9302,6305,15169,112.82,162.91,140.45,105.5,96.17,1412.1723,264780,381552,7648.706,2918.291,8519.966,16358.947,365.25,1.666,379604273,282299152,1376405243,68547,189,153572,
Jan-11,160.45,9810,6250,14467,79.89,150.57,96.4,89.28,67.44,1150.7116,239301,244873,7700.967,2955.887,8503.696,16425.966,367.52,1.673,382043990,258333611,1362186067,69779,179,144605,
Feb-11,160.45,9405,6331,14487,87.05,156.32,103.46,86.72,76.39,1262.8127,295946,274153,7756.688,2991.286,8522.908,16572.809,370.20,1.661,383334105,255422666,1381616460,66516,177,103348,
Mar-11,160.45,9508,6373,15188,97.99,171.91,120.94,98.89,83.95,2494.2471,296322,306135,7770.793,2996.183,8519.137,16636.325,371.76,1.629,385733263,253532344,1410109955,67214,173,113226,
Apr-11,166.33,9237,6298,15335,97.92,170.17,135.15,90.84,74.28,3298.3604,283219,289189,7819.333,3030.083,8562.731,16750.319,373.91,1.573,386122941,250062696,1417879016,67424,169,130425,
May-11,166.33,9138,6002,15255,110.44,182.44,152.67,104.66,83.48,3420.4517,305251,318534,7860.129,3061.318,8589.18,16820.829,375.11,1.580,387046563,251302875,1442969729,63730,175,112860,
Jun-11,166.33,8868,5719,15387,112.95,179.35,137.91,116.15,98.33,3008.7557,296050,304333,7881.66,3094.492,8621.123,16872.143,375.60,1.561,389558700,255574937,1471543505,62299,154,130527,
Jul-11,169.41,9128,5654,15436,105.28,177.49,135.24,116.28,83.27,2506.985,308798,306231,7904.3,3122.025,8651.463,16915.104,375.33,1.556,398005681,254373019,1492180690,60431,160,136892,
Aug-11,169.41,9201,5879,15853,122.01,204.57,158.91,137.23,94.25,3247.0104,326213,327610,7939.431,3156.204,8697.445,17007.369,377.06,1.587,402719240,250228288,1517982132,53841,194,116878,
Sep-11,169.41,9524,6113,15731,109.09,189.23,141.92,117.86,85.76,2989.5451,261130,311648,8003.511,3183.315,8741.327,17099.486,379.40,1.854,409310509,257560430,1551453243,55399,274,117294,
Oct-11,167.75,9365,6156,15671,104.3,186.07,137.04,105.39,83.12,2291.7222,270949,280567,8008.27,3195.929,8803.864,17173.881,382.70,1.689,412717601,255383754,1558711260,54669,227,133183,
Nov-11,167.75,9303,6208,15484,105.29,197.98,132.78,119.41,84.15,2165.5409,273358,321560,7953.929,3175.011,8912.384,17225.936,383.73,1.811,414983459,263610827,1589247991,57093,224,122019,
Dec-11,167.75,9483,6498,15282,109.7,170.43,144.58,98.47,91.43,1868.6904,261245,348415,7812.776,3095.329,8901.355,17124.541,381.51,1.876,420872648,286644700,1636222970,57408,208,149095,
Jan-12,163.19,9800,6466,14567,81.92,164.09,99.71,91.71,67.21,1462.904,210604,268273,7847.896,3142.203,8866.227,17181.636,380.13,1.739,423261828,261584118,1610840795,60698,221,151503,
Feb-12,163.19,9705,6608,15059,92.22,151.73,108.62,99.43,81.13,1572.5516,219068,249517,7866.192,3172.444,8860.315,17287.534,379.94,1.709,425054072,258715120,1617431930,65483,194,109059,
Mar-12,163.19,10271,7037,15579,105.33,172.54,144.36,88.86,84,2939.1627,313178,300574,7861.537,3211.092,8866.817,17373.215,381.12,1.822,429860852,260159107,1634442683,66612,176,124755,
Apr-12,167.97,9928,6856,15530,96.78,168.79,137.93,80.55,73.55,2988.532,266275,257887,7890.295,3254.514,8901.628,17457.549,386.15,1.892,434077045,261455904,1629994080,62579,186,133802,
May-12,167.97,9532,6417,15264,114.5,184.89,161.11,110.51,83.59,4523.5325,286215,287465,7909.658,3270.233,8911.479,17504.991,389.97,2.022,442527440,262128229,1654328934,57136,243,116639,
Jun-12,167.97,9605,6282,15159,97.55,173.36,130.54,91.73,77.21,3165.3694,277722,353200,7919.286,3275.793,8923.256,17533.896,393.33,2.021,449801588,268432210,1677832923,54665,213,121613,
Jul-12,173.63,9274,6033,15214,107.71,172.18,141.66,116.02,83.5,3196.9057,301142,364196,7943.565,3302.577,8946.616,17574.407,397.18,2.050,460241954,268646729,1687274531,54617,183,125529,
Aug-12,173.63,9622,6303,15628,114.64,182.88,152.73,116.88,89.81,2835.9349,333316,420080,7959.667,3315.022,8978.96,17627.706,399.05,2.037,465932010,270288073,1703131971,58206,181,114846,
Sep-12,173.63,9749,6502,15573,103.27,165.18,135.88,104.14,82.12,2502.2057,289693,288108,8025.292,3326.128,9015.939,17681.948,402.08,2.031,474052528,278261811,1723293830,60057,166,115717,
Oct-12,171.92,9788,6592,15548,113.66,191.38,135.55,136.12,95.45,2381.7786,323940,341644,8043.176,3317.314,9065.334,17711.378,400.43,2.031,479470968,276564520,1728286191,58591,157,128031,
Nov-12,171.92,10239,7051,15470,107.16,194.98,129.47,116,91.96,1994.509,314727,311772,8017.87,3275.455,9175.141,17749.385,400.59,2.107,485716890,291266819,1744732763,57223,153,122517,
Dec-12,171.92,10133,7080,14834,103.01,165.79,133.95,109.29,81.88,1660.7036,268504,359355,7844.742,3179.848,9176.145,17605.377,402.72,2.044,497139074,327180739,1778027744,59583,142,150370,
Jan-13,167.6314647,10925,7202,14370,82.76,189.86,92.18,108.13,70.43,1727.084,291884,311453,7889.058,3215.889,9108.736,17616.929,405.42,1.988,501669856,290360421,1736134228,61533,155,161709,
Feb-13,167.6314647,10475,7035,14790,79.87,157.56,98.12,85.6,67.53,1785.9816,242072,235109,7919.58,3233.756,9099.34,17710.88,406.67,1.975,506417662,289879582,1735313557,57877,178,108589,
Mar-13,167.6314647,10357,7147,15148,98.04,178.85,120.69,105.21,82.92,3041.233,329103,283912,7943.213,3255.876,9102.894,17777.838,408.54,2.014,514654970,296814266,1769264153,56797,189,113943,
Apr-13,174.7266315,10302,7051,15592,105.89,200.35,145.22,101.31,81.08,4608.0998,352328,333738,7982.849,3291.146,9120.458,17854.57,410.63,2.002,519548894,291405030,1766613638,54768,173,134720,
May-13,174.7266315,10242,6833,15569,112.55,195.52,161.1,102.75,82.28,4784.0778,344556,316233,7996.807,3288.342,9120.564,17881.506,411.86,2.132,527860458,297126431,1793989890,55456,206,124439,
Jun-13,174.7266315,10092,6595,15326,111.72,177.45,143.13,100.39,94.96,3984.3047,323853,318619,8005.045,3290.111,9129.771,17926.64,414.41,2.216,539315239,304884597,1832408036,49602,237,120704,
Jul-13,178.415849,10022,6454,15490,111.71,217.14,148.79,102.11,89.65,3668.0827,316740,342306,8012.771,3294.484,9131.545,17937.962,415.95,2.290,551158753,299176201,1839144541,47160,235,128129,
Aug-13,178.415849,10280,6601,15886,117.01,193.81,161.72,119.5,85.9,4131.8499,343562,329143,8024.113,3307.145,9182.794,18003.136,418.73,2.373,558449217,302384746,1859194409,50062,251,117640,
Sep-13,178.415849,10251,6760,15594,111.33,179.87,153.86,117.19,81.13,3182.7851,322776,309872,8086.932,3337.269,9237.909,18075.206,426.48,2.230,567882037,305905141,1876621044,53635,236,117593,
Oct-13,176.2608999,10545,7071,15787,121.77,222.19,140.57,124.17,111.07,2344.7923,322677,330203,8120.072,3333.285,9291.018,18109.549,430.02,2.203,575369015,302533508,1887947207,54171,220,134674,
Nov-13,176.2608999,10711,7382,15810,111.92,182.7,134.15,108.62,99.94,1774.7367,293155,302939,8085.844,3300.351,9394.543,18155.234,430.41,2.325,584781093,319246934,1924347605,52815,247,156323,
Dec-13,176.2608999,10706,7572,15321,111.01,172.92,129.28,120.48,98.71,1240.4841,231107,353843,7924.883,3215.512,9389.553,18031.784,434.41,2.343,599825987,347945906,1969007339,50791,224,162725,
Jan-14,173.4466823,11798,7745,14537,85.69,195.49,100.86,111.77,68.84,1158.2513,237390,312618,7962.126,3254.857,9312.202,18057.06,437.67,2.426,604824604,317162854,1954785893,49139,272,163155,
Feb-14,173.4466823,11879,8204,15107,87.2,173.82,108.79,96.08,69.53,2165.802,281627,259328,8010.418,3282.474,9333.196,18212.603,440.90,2.333,609877474,320218602,1973256182,47367,245,112197,
Mar-14,173.4466823,11289,7744,15079,95.94,166.11,138.82,87.16,68.59,3901.566,272754,240808,8015.481,3279.066,9306.851,18255.565,443.37,2.263,614875533,314966887,1988151211,47046,228,116068,
Apr-14,173.9656135,10780,7588,15260,108.07,182.25,161.63,94.82,74.27,4945.7609,277091,293240,8009.759,3283.71,9324.066,18329.115,442.75,2.236,616830710,314276654,2001676247,51470,211,135876,
May-14,173.9656135,10877,7304,14943,112.41,191.39,172.12,94.97,75.14,4598.5508,281355,293362,7981.227,3285.759,9323.198,18371.095,439.57,2.239,622339689,308844900,2020684014,53122,208,116483,
Jun-14,173.9656135,10322,6862,14683,110.12,171.28,164.09,100.78,74.99,4251.9196,215943,263564,7953.399,3272.216,9316.289,18404.356,437.28,2.203,628926415,311272360,2044004118,53655,208,120459,
Jul-14,177.276154,10657,6773,14554,126.71,205.27,181.51,123.45,90,3961.797,254348,294768,7938.283,3274.782,9317.208,18417.169,435.79,2.267,636446769,307789297,2051783682,55790,212,125233,
Aug-14,177.276154,10440,6989,15134,112.86,185.01,155.59,110.72,83.36,3291.4657,264637,272492,7933.476,3277.223,9359.212,18488.297,435.40,2.240,640564030,311882824,2070067732,57748,205,124327,
Sep-14,177.276154,10576,7186,14975,110.06,200.14,151.67,118.7,78.58,2599.8638,300931,296294,7958.699,3286.547,9397.267,18548.342,434.97,2.451,645474104,319775631,2092566952,58278,239,118766,
Oct-14,175.8591424,11141,7615,14929,105.61,190.85,137.94,126.11,78.24,1843.8372,293328,306859,7946.538,3250.959,9430.801,18552.709,435.70,2.444,649650206,318642123,2103752825,54342,233,133149,
Nov-14,175.8591424,11382,7974,15256,91.7,176.26,119.13,106.06,68.8,1448.2922,264830,294651,7903.494,3201.565,9536.381,18581.546,439.58,2.560,655806257,331913314,2129053943,53579,238,135938,
Dec-14,175.8591424,11161,7856,14648,106.25,173.64,140.37,116.72,80.84,1601.825,207597,370028,7737.892,3062.872,9519.437,18415.6,440.15,2.656,664847301,356491811,2168345291,50007,259,148660,
Jan-15,170.6400563,12544,8043,13709,87.83,174.25,116.73,117.13,59.04,1444.0366,204716,253803,7765.833,3053.223,9421.858,18405.275,440.33,2.662,663517447,327149785,2146410815,48369,324,156589,
Feb-15,170.6400563,11766,8057,14407,80.07,158.86,105.25,90.91,58.99,1251.4249,205953,185944,7768.003,3026.406,9391.852,18468.945,440.90,2.878,660210261,324456224,2150532536,50131,322,113946,
Mar-15,170.6400563,11083,7876,14516,114.28,182.55,160.32,121.63,80.37,3038.2906,256480,234631,7753.175,3007.298,9394.867,18526.88,444.87,3.208,652549189,321729125,2165005595,50405,322,117293,
Apr-15,169.2001764,10873,7876,14565,105.73,156.89,168.6,84.99,68.62,3234.8759,219623,219351,7700.891,2983.283,9373.84,18518.972,451.72,2.994,650444733,313405301,2160020264,54495,295,133200,
May-15,169.2001764,10540,7336,14250,117.56,150.83,192.92,101.2,72.67,4188.7134,213047,212696,7641.03,2951.024,9354.575,18487.587,454.93,3.179,651079300,312421268,2175450337,55807,294,112435,
Jun-15,169.2001764,10095,7047,14115,137.39,165.15,210.42,118.54,92.72,4319.0931,187608,212524,7579.18,2923.935,9329.105,18449.148,457.39,3.103,648879274,312595466,2182472623,53483,304,118091,
Jul-15,169.7189845,10093,6813,13891,129.42,177.9,197.15,126.56,84.49,3975.4654,223145,227617,7518.805,2898.507,9294.448,18388.83,459.44,3.394,650714091,306143635,2192049416,51559,315,123696,
Aug-15,169.7189845,10297,7050,14230,111.73,140.41,166.65,118.52,72.83,2960.3674,216991,207250,7473.78,2870.981,9281.704,18394.094,461.19,3.647,647539584,304234885,2194277541,47687,340,113247,
Sep-15,169.7189845,10419,7134,13957,118.72,148,166.98,124.61,83.61,2656.9572,176757,200077,7465.453,2840.161,9264.378,18360.121,468.06,3.973,646378452,303100688,2215230386,46314,442,114495,
Oct-15,166.1486149,11131,7602,14064,120.01,157.26,173.77,130.56,81.42,2668.2277,208097,192147,7419.495,2787.973,9259.671,18314.207,478.50,3.859,647197563,305963431,2233449901,47281,410,120392,
Nov-15,166.1486149,11115,7759,13827,103.05,146.04,138.69,115.22,75.22,2038.2639,173874,195176,7344.015,2730.102,9311.651,18290.667,483.24,3.851,649996769,317743944,2250721750,47089,432,112655,
Dec-15,166.1486149,11067,7821,13327,130.36,120.11,162.92,146.53,102.56,2018.3037,141798,227760,7158.098,2620.673,9270.153,18094.563,482.56,3.905,659005512,340656026,2314792171,44682,523,142092,
Jan-16,161.8656297,11821,7756,12538,90.88,122.35,127.99,108.29,59.74,1412.14,152778,155283,7142.03,2618.013,9200.637,18077.502,488.54,4.043,650996716,315444065,2281592717,39390,512,148166,
Feb-16,161.8656297,11352,7719,13368,109.91,123.3,146.9,135.47,76.55,2155.4032,144333,146809,7116.017,2598.462,9145.014,18080.113,490.30,3.980,648289784,313225862,2282081865,41025,502,100885,
Mar-16,161.8656297,11318,7809,13796,131.69,140.94,202.68,125.86,85.95,3869.1894,200352,179219,7092.493,2572.226,9103.001,18067.276,490.25,3.559,647003070,307747242,2282327389,49174,409,109579,
Apr-16,163.7487904,11784,8066,13871,124.4,125.19,201.86,110.92,77.18,4055.0702,171298,162939,7076.782,2555.17,9072.578,18060.989,489.91,3.451,642773092,310654442,2279766492,51851,385,126130,
May-16,163.7487904,10942,7403,13835,135.08,138.68,200.49,131.75,92.13,4048.8838,178895,167489,7056.214,2524.777,9043.538,18027.761,493.39,3.595,640246589,308421256,2293163673,51016,403,106345,
Jun-16,163.7487904,10607,6861,13733,127.14,156.5,182.7,137.85,85.54,3410.1319,186250,171797,7026.395,2494.133,9016.601,17988.058,496.89,3.210,640680041,309494072,2308759810,50184,350,109694,
Jul-16,165.554177,10380,6706,13944,121.35,141.33,160.28,129.05,91.02,2967.0764,191779,181408,7012.467,2464.709,8999.865,17950.6,495.40,3.239,643807200,308041977,2316032533,55022,339,117672,
Aug-16,165.554177,10447,6787,14136,123.68,153.55,163.22,140.74,90.84,2578.7633,181197,183890,7021.044,2440.967,9001.446,17945.688,497.09,3.240,643658871,307450958,2329463991,57988,309,101754,
Sep-16,165.554177,10898,7063,13958,114.53,143.18,146.22,139.41,83.86,1719.6566,172105,159961,7031.639,2411.731,9005.899,17930.344,500.07,3.246,645433350,317175001,2332124632,58424,319,105103,
Oct-16,162.403608,10855,7078,13804,98.95,135.73,127.14,115.91,73.8,1330.4206,177570,159037,7027.528,2376.333,9018.217,17898.027,501.17,3.181,646800713,316877432,2336941131,62327,313,164593,
Nov-16,162.403608,11133,7375,13822,111.81,137.53,122.32,124.65,97.03,1028.8453,219084,178156,6977.255,2322.502,9076.143,17858.373,504.93,3.397,652682548,326416039,2367445062,61619,337,112205,
Dec-16,162.403608,11358,7562,13448,111.35,136.77,125.46,134.82,92.55,1160.3854,201143,204329,6852.227,2235.734,9055.11,17681.977,514.92,3.259,669286299,356165117,2425786944,59126,328,140778,
Jan-17,162.343123,11881,7775,13105,100.59,146.55,136.49,132.56,66.27,1186.449,179376,147219,6870.591,2234.538,8995.88,17671.95,521.36,3.127,662201480,320264200,2370890570,63533,289,147052,
Feb-17,162.343123,11330,7670,13323,103.74,128.28,148,110.03,71.82,2039.1527,201763,135667,6873.356,2220.777,8975.253,17732.396,521.78,3.099,664105901,327533934,2381403852,66444,286,100799,
Mar-17,162.343123,12107,7956,13908,132.49,149.95,199.25,114.78,91.79,4193.8098,236568,189149,6872.454,2210.57,8941.189,17718.852,520.21,3.168,662919497,319121099,2392998067,65028,270,107891,
Apr-17,165.0564788,11110,7684,14007,118.34,122.12,183.35,102.44,79.05,4442.3637,191554,156894,6885.439,2208.861,8946.965,17746.336,514.02,3.198,665181328,321377737,2408224136,64468,263,124492,
May-17,165.0564788,10912,7195,13598,137.26,138.94,213.17,134.91,88.59,4653.4747,253398,195562,6886.431,2204.392,8936.024,17749.998,507.65,3.244,668998341,320363482,2441625062,65117,284,106016,
Jun-17,165.0564788,10753,6937,13919,139.05,144.72,215.85,145.46,87.18,3886.6101,214838,194954,6879.144,2194.149,8933.534,17743.708,502.27,3.308,678744382,327275749,2476389638,62016,289,113171,
Jul-17,168.2689415,10389,6653,14082,135.25,144.49,194.28,127.84,97.34,3295.3518,225831,184815,6893.043,2194.111,8944.517,17749.132,500.21,3.131,684707833,327227635,2471837238,64504,267,115675,
Aug-17,168.2689415,10435,6712,14197,139.31,161.73,205.28,139.98,94.55,3597.9253,266489,216534,6906.121,2193.87,8956.115,17772.988,505.01,3.147,690409721,323777554,2492169887,68804,272,112582,
Sep-17,168.2689415,11066,7118,14146,129.13,157.76,185.65,142.36,88.27,3078.8588,239763,199211,6931.877,2193.418,8972.111,17775.832,510.31,3.168,697406903,328886427,2508420744,74306,246,114230,
Oct-17,166.5495662,11119,7316,14173,127.63,157.24,175.67,146.68,89.59,2410.3988,253906,202857,6965.436,2188.021,9010.522,17790.683,509.50,3.277,698581334,327808404,2496090138,76115,243,125819,
Nov-17,166.5495662,11413,7486,14316,114.56,150.16,151.05,122.23,86.31,2038.2227,254073,204205,6937.184,2163.531,9078.862,17786.295,515.30,3.262,705588126,342301497,2521295283,73357,241,123598,
Dec-17,166.5495662,11389,7628,14073,118.43,141.13,151.51,125.2,92.59,2156.257,219697,212615,6831.745,2108.324,9083.783,17661.928,521.23,3.308,727981354,376582680,2560293067,73611,240,147399,
Jan-18,165.3432156,11849,7636,13597,112.93,158.91,155.91,125.93,78.76,1646.9471,219217,181266,6880.288,2124.337,9036.445,17705.944,526.13,3.162,725734249,341240298,2519135979,80827,229,160386,
Feb-18,165.3432156,11539,7637,13845,114.55,158.94,137.65,108.55,98.57,1842.5474,213498,156905,6894.871,2120.551,9012.59,17782.921,526.18,3.245,727848592,342993519,2534576738,84634,238,111398,
Mar-18,165.3432156,11793,7798,14023,132.11,150.25,197.74,119.65,90.67,4107.3726,267539,207365,6903.79,2128.374,9007.418,17844.747,525.71,3.324,734825268,348700367,2588604399,85197,246,112069,
Apr-18,167.644522,11781,7928,14539,126.55,145.19,197.11,111.3,83.99,4625.5855,266549,217330,6926.373,2143.418,9017.63,17910.167,530.76,3.481,738795110,352401143,2588679856,85032,250,131827,
May-18,167.644522,11229,7473,14048,124.99,140.78,219.04,114.8,66.99,5401.1381,212329,201897,6920.165,2145.847,9006.096,17929.314,544.82,3.737,744039511,351359279,2617177490,82295,307,111482,
Jun-18,167.644522,10918,6961,13525,130.56,153.44,190.54,135.23,88.77,4702.0536,256311,201982,6900.925,2143.937,8984.637,17929.268,554.79,3.856,752524350,352327417,2665400470,72680,332,114567,
Jul-18,171.7355384,10643,6734,14170,144.68,200.27,249.86,115.42,85.81,4594.8126,245935,217509,6907.356,2153.779,8984.835,17940.33,559.95,3.755,759125383,350044108,2665423518,76993,267,125374,
Aug-18,171.7355384,10689,6908,14486,142.07,202.31,210.72,104.35,106.8,4172.6088,291099,248623,6922.417,2165.31,9003.699,18006.971,563.81,4.135,767980281,358805569,2700115557,77800,345,113288,
Sep-18,171.7355384,11007,7030,14419,126.33,150.94,196.11,139.26,77.37,3080.6113,223081,213339,6958.351,2177.557,9031.712,18069.244,578.98,4.004,779246716,364408415,2745597668,77062,293,113790,
Oct-18,169.3065977,11412,7393,14312,141.73,173.55,219.63,139.37,92.23,3289.0314,263186,254732,6965.994,2177.502,9066.206,18096.975,582.40,3.718,779696012,355996999,2736098216,84196,260,125989,
Nov-18,169.3065977,11639,7603,14498,138.4,180.47,196.94,130.1,104.23,3358.8213,244771,230945,6941.418,2162.372,9155.082,18131.226,573.84,3.863,783382482,369086399,2744519065,87440,270,122348,
Dec-18,169.3065977,11519,7696,14001,131.9,135.65,202.8,132.05,87.67,3148.0829,177503,234531,6829.682,2107.599,9173.367,17994.684,568.96,3.875,800889430,402470489,2827657330,87065,276,145247,
Jan-19,167.3039487,12797,8096,13575,122.49,179,169.23,141.47,88.73,2066.9623,199145,199794,6866.102,2122.917,9108.057,18034.331,569.19,3.652,792574332,365787834,2759819612,94496,238,156986,
Feb-19,167.3039487,12603,8198,13575,109.85,140.54,171.11,97.37,75.24,2737.6102,257939,198641,6894.618,2134.913,9115.962,18160.319,574.59,3.739,791418686,369288762,2766243640,96730,239,117478,
Mar-19,167.3039487,12338,8062,13858,119.94,146.43,196.71,108.85,75.59,3766.824,240763,209165,6891.083,2127.259,9087.277,18167.403,579.19,3.897,796364767,370246133,2803485241,96304,253,111396,
Apr-19,170.129121,11554,7805,13676,130.23,150.34,211.49,117.93,83.58,3879.5485,267561,231936,6910.587,2142.538,9100.925,18233.589,588.46,3.945,796502550,368569032,2814043282,95369,252,131383,
May-19,170.129121,11904,7779,14126,137.86,165.85,218.55,140.92,87.43,4138.5082,275747,245440,6903.21,2151.013,9089.699,18238.177,597.05,3.941,798870075,364546273,2834564514,94167,274,113533,
Jun-19,170.129121,10877,7118,13760,120.53,147.41,190.74,121.56,77.03,3550.1256,233150,223198,6892.416,2163.886,9087.559,18260.74,599.32,3.832,804274578,369510306,2858389652,98992,239,119647,
Jul-19,174.0212884,10918,6916,14000,130.75,198.93,210.53,119.38,84.5,4082.8424,266992,243614,6897.772,2182.768,9093.198,18268.337,601.65,3.765,805719122,365411718,2863388897,103463,212,130580,
Aug-19,174.0212884,10988,6955,14119,123.54,178.57,194.88,119.93,80.42,3542.4308,269758,242985,6915.488,2199.661,9118.418,18332.169,592.69,4.139,810065572,369621212,2886706081,100610,248,120110,
Sep-19,174.0212884,11365,7251,13791,138.68,188.73,208.86,119.68,100.72,3259.9017,247455,234848,6955.866,2218.017,9147.356,18396.846,596.13,4.164,821615885,380234469,2930316711,103539,247,114014,
Oct-19,172.0871085,11924,7756,14306,135.86,196,223.47,135.56,82.18,3458.4596,288519,253361,6965.189,2224.754,9192.101,18414.893,599.82,4.004,824232326,374708233,2941569054,107220,240,127838,
Nov-19,172.0871085,12377,8118,14070,122.7,160.73,184.89,128.24,83.46,3115.5134,227455,242310,6940.167,2216.387,9299.511,18458.666,599.76,4.224,829347597,398560925,2981766507,108042,239,124722,
Dec-19,172.0871085,12176,8065,13442,129.55,145.93,216.2,118.03,79.3,2509.7409,170504,262558,6840.134,2166.925,9317.359,18328.503,609.54,4.031,849177209,439257141,3073727066,115964,214,145481,
Jan-20,166.8479057,12907,8042,13476,99.65,190.12,146.79,121.35,65.86,1370.2619,191731,193459,6891.632,2193.986,9259.171,18359.054,610.39,4.270,839337057,396901705,3006919226,113761,225,164354,
Feb-20,166.8479057,12370,8019,13736,106.68,155.91,169.34,100.91,69.57,2275.3718,204203,200997,6923.366,2215.13,9264.326,18483.452,606.12,4.499,838021934,402158078,3017807837,104172,252,112139,
Mar-20,166.8479057,12446,7817,14071,131.63,171.51,220.46,133.78,76.19,4427.7496,189958,163625,6895.239,2202.169,9198.479,18387.064,616.67,5.199,852637621,427583211,3182893578,73020,389,107312,
Apr-20,151.5856193,12308,6393,12173,124.96,141.02,238.52,112.84,56.56,5531.2169,1847,55735,6703.487,2135.227,8968.27,18024.686,613.89,5.427,885468205,462410030,3364774866,80506,422,93555,
May-20,151.5856193,11809,5816,12248,137.06,169.59,259.85,141.95,59.88,5340.1544,43080,62190,6609.251,2116.469,8879.531,17881.207,625.25,5.426,924827549,493926240,3509362118,87403,392,76612,
Jun-20,151.5856193,11393,5612,12522,135.36,128.43,241.8,147.66,66.57,4802.7989,98447,132818,6606.741,2133.739,8862.885,17836.316,642.44,5.476,947378241,513971189,3593387090,95056,380,84571,
Jul-20,167.2389513,11703,5936,13864,149.45,140.50,266.00,149.37,76.77,5283.4760,170651,174487,6584.121,2170.850,8924.445,18124.702,661.72,5.280,977528273,533014391,3718433395,102912,334,110540,
Aug-20,167.2389513,11852,6259,14517,130.29,138.70,218.22,145.18,71.78,4334.4366,210009,183395,6674.549,2221.891,8973.722,18164.103,686.46,5.461,990691240,546062801,3757567018,99369,319,121993,
Sep-20,167.2389513,12241,6667,14652,130.48,154.40,216.83,133.43,76.01,4306.8275,220162,207710,6786.053,2268.543,9044.687,18243.553,727.10,5.399,1005622188,565746786,3842696583,94603,343,117022,
Oct-20,170.1237121,13084,7286,15109,124.27,156.50,189.38,158.16,75.88,3761.5966,236468,215044,6869.573,2304.503,9161.576,18397.472,757.28,5.625,1014293422,579454938,3892841631,93952,318,146081,
Nov-20,170.1237121,12776,7104,14672,123.01,176.90,190.25,133.56,79.15,3778.8771,238200,225010,6916.772,2321.903,9341.845,18567.386,789.54,5.417,1017412737,584084142,3922090546,108893,275,137180,
Dec-20,170.1237121,13301,7457,14589,128.81,229.40,185.23,142.94,91.73,3679.1664,209296,243967,6874.346,2273.541,9398.810,18519.857,796.64,5.145,1039732856,619777029,3998221163,119017,260,156369,
Jan-21,168.4438003,13598,7471,14622,97.33,190.90,146.38,113.37,64.61,2907.5008,200398,171146,6963.107,2317.601,9409.641,18599.382,823.57,5.356,1023166452,592242404,3886076234,115067,288,171798,
Feb-21,168.4438003,12816,7437,14354,101.11,179.30,152.70,117.11,66.75,3033.0331,197035,167391,7051.362,2362.194,9477.322,18768.770,850.58,5.416,1018825313,580245363,3868628323,110035,299,124693,
Mar-21,168.4438003,13204,7922,15685,148.11,211.30,256.92,139.94,81.77,5103.1228,200340,189389,7089.877,2386.400,9492.245,18862.702,880.86,5.646,1017037254,578246777,3918792401,116634,290,134617,
,,,,,,,,,,,,,,,,,,,,,,,,,
